Record Length,2.500000e+03,,   0.000000000000,  -1.02400,
Sample Interval,2.000000e-01,,   0.200000000000,  -1.02400,
Trigger Point,0.000000000000e+00,,   0.400000000000,  -1.02400,
,,,   0.600000000000,  -1.02400,
,,,   0.800000000000,  -1.02400,
,,,   1.000000000000,  -1.02400,
Source,CH1,,   1.200000000000,  -1.02400,
Vertical Units,V,,   1.400000000000,  -1.02400,
Vertical Scale,2.000000e-01,,   1.600000000000,  -1.02400,
Vertical Offset,0.000000e+00,,   1.800000000000,  -1.02400,
Horizontal Units,s,,   2.000000000000,  -1.02400,
Horizontal Scale,5.000000e+01,,   2.200000000000,  -1.02400,
Pt Fmt,Y,,   2.400000000000,  -1.02400,
Yzero,0.000000e+00,,   2.600000000000,  -1.02400,
Probe Atten,1.000000e+01,,   2.800000000000,  -1.02400,
Model Number,TDS2002B,,   3.000000000000,  -1.02400,
Serial Number,C053176,,   3.200000000000,  -1.02400,
Firmware Version,FV:v22.01,,   3.400000000000,  -1.02400,
,,,3.600000000000,  -1.02400,
,,,3.800000000000,  -1.02400,
,,,4.000000000000,  -1.02400,
,,,4.200000000000,  -1.02400,
,,,4.400000000000,  -1.02400,
,,,4.600000000000,  -1.02400,
,,,4.800000000000,  -1.02400,
,,,5.000000000000,  -1.02400,
,,,5.200000000000,  -1.02400,
,,,5.400000000000,  -1.02400,
,,,5.600000000000,  -1.02400,
,,,5.800000000000,  -1.02400,
,,,6.000000000000,  -1.02400,
,,,6.200000000000,  -1.02400,
,,,6.400000000000,  -1.02400,
,,,6.600000000000,  -1.02400,
,,,6.800000000000,  -1.02400,
,,,7.000000000000,  -1.02400,
,,,7.200000000000,  -1.02400,
,,,7.400000000000,  -1.02400,
,,,7.600000000000,  -1.02400,
,,,7.800000000000,  -1.02400,
,,,8.000000000000,  -1.02400,
,,,8.200000000000,  -1.02400,
,,,8.400000000000,  -1.02400,
,,,8.600000000000,  -1.02400,
,,,8.800000000000,  -1.02400,
,,,9.000000000000,  -1.02400,
,,,9.200000000000,  -1.02400,
,,,9.400000000000,  -1.02400,
,,,9.600000000000,  -1.02400,
,,,9.800000000000,  -1.02400,
,,,10.000000000000,  -1.02400,
,,,10.200000000000,  -1.02400,
,,,10.400000000000,  -1.02400,
,,,10.600000000000,  -1.02400,
,,,10.800000000000,  -1.02400,
,,,11.000000000000,  -1.02400,
,,,11.200000000000,  -1.02400,
,,,11.400000000000,  -1.02400,
,,,11.600000000000,  -1.02400,
,,,11.800000000000,  -1.02400,
,,,12.000000000000,  -1.02400,
,,,12.200000000000,  -1.02400,
,,,12.400000000000,  -1.02400,
,,,12.600000000000,  -1.02400,
,,,12.800000000000,  -1.02400,
,,,13.000000000000,  -1.02400,
,,,13.200000000000,  -1.02400,
,,,13.400000000000,  -1.02400,
,,,13.600000000000,  -1.02400,
,,,13.800000000000,  -1.02400,
,,,14.000000000000,  -1.02400,
,,,14.200000000000,  -1.02400,
,,,14.400000000000,  -1.02400,
,,,14.600000000000,  -1.02400,
,,,14.800000000000,  -1.02400,
,,,15.000000000000,  -1.02400,
,,,15.200000000000,  -1.02400,
,,,15.400000000000,  -1.02400,
,,,15.600000000000,  -1.02400,
,,,15.800000000000,  -1.02400,
,,,16.000000000000,  -1.02400,
,,,16.200000000000,  -1.02400,
,,,16.400000000000,  -1.02400,
,,,16.600000000000,  -1.02400,
,,,16.800000000000,  -1.02400,
,,,17.000000000000,  -1.02400,
,,,17.200000000000,  -1.02400,
,,,17.400000000000,  -1.02400,
,,,17.600000000000,  -1.02400,
,,,17.800000000000,  -1.02400,
,,,18.000000000000,  -1.02400,
,,,18.200000000000,  -1.02400,
,,,18.400000000000,  -1.02400,
,,,18.600000000000,  -1.02400,
,,,18.800000000000,  -1.02400,
,,,19.000000000000,  -1.02400,
,,,19.200000000000,  -1.02400,
,,,19.400000000000,  -1.02400,
,,,19.600000000000,  -1.02400,
,,,19.800000000000,  -1.02400,
,,,20.000000000000,  -1.02400,
,,,20.200000000000,  -1.02400,
,,,20.400000000000,  -1.02400,
,,,20.600000000000,  -1.02400,
,,,20.800000000000,  -1.02400,
,,,21.000000000000,  -1.02400,
,,,21.200000000000,  -1.02400,
,,,21.400000000000,  -1.02400,
,,,21.600000000000,  -1.02400,
,,,21.800000000000,  -1.02400,
,,,22.000000000000,  -1.02400,
,,,22.200000000000,  -1.02400,
,,,22.400000000000,  -1.02400,
,,,22.600000000000,  -1.02400,
,,,22.800000000000,  -1.02400,
,,,23.000000000000,  -1.02400,
,,,23.200000000000,  -1.02400,
,,,23.400000000000,  -1.02400,
,,,23.600000000000,  -1.02400,
,,,23.800000000000,  -1.02400,
,,,24.000000000000,  -1.02400,
,,,24.200000000000,  -1.02400,
,,,24.400000000000,  -1.02400,
,,,24.600000000000,  -1.02400,
,,,24.800000000000,  -1.02400,
,,,25.000000000000,   0.28800,
,,,25.200000000000,   0.28800,
,,,25.400000000000,   0.28000,
,,,25.600000000000,   0.29600,
,,,25.800000000000,   0.30400,
,,,26.000000000000,   0.28800,
,,,26.200000000000,   0.29600,
,,,26.400000000000,   0.29600,
,,,26.600000000000,   0.28000,
,,,26.800000000000,   0.28800,
,,,27.000000000000,   0.28800,
,,,27.200000000000,   0.29600,
,,,27.400000000000,   0.28800,
,,,27.600000000000,   0.28800,
,,,27.800000000000,   0.28800,
,,,28.000000000000,   0.28800,
,,,28.200000000000,   0.29600,
,,,28.400000000000,   0.29600,
,,,28.600000000000,   0.28800,
,,,28.800000000000,   0.29600,
,,,29.000000000000,   0.29600,
,,,29.200000000000,   0.29600,
,,,29.400000000000,   0.29600,
,,,29.600000000000,   0.30400,
,,,29.800000000000,   0.28800,
,,,30.000000000000,   0.29600,
,,,30.200000000000,   0.28800,
,,,30.400000000000,   0.29600,
,,,30.600000000000,   0.28800,
,,,30.800000000000,   0.28800,
,,,31.000000000000,   0.28800,
,,,31.200000000000,   0.29600,
,,,31.400000000000,   0.29600,
,,,31.600000000000,   0.29600,
,,,31.800000000000,   0.29600,
,,,32.000000000000,   0.28800,
,,,32.200000000000,   0.29600,
,,,32.400000000000,   0.30400,
,,,32.600000000000,   0.28800,
,,,32.800000000000,   0.27200,
,,,33.000000000000,   0.28800,
,,,33.200000000000,   0.28800,
,,,33.400000000000,   0.28800,
,,,33.600000000000,   0.28800,
,,,33.800000000000,   0.29600,
,,,34.000000000000,   0.29600,
,,,34.200000000000,   0.28800,
,,,34.400000000000,   0.28800,
,,,34.600000000000,   0.28800,
,,,34.800000000000,   0.28800,
,,,35.000000000000,   0.28000,
,,,35.200000000000,   0.29600,
,,,35.400000000000,   0.28000,
,,,35.600000000000,   0.28800,
,,,35.800000000000,   0.28800,
,,,36.000000000000,   0.29600,
,,,36.200000000000,   0.28800,
,,,36.400000000000,   0.29600,
,,,36.600000000000,   0.28800,
,,,36.800000000000,   0.28800,
,,,37.000000000000,   0.29600,
,,,37.200000000000,   0.29600,
,,,37.400000000000,   0.29600,
,,,37.600000000000,   0.29600,
,,,37.800000000000,   0.28800,
,,,38.000000000000,   0.29600,
,,,38.200000000000,   0.30400,
,,,38.400000000000,   0.29600,
,,,38.600000000000,   0.29600,
,,,38.800000000000,   0.28800,
,,,39.000000000000,   0.29600,
,,,39.200000000000,   0.29600,
,,,39.400000000000,   0.28000,
,,,39.600000000000,   0.28800,
,,,39.800000000000,   0.29600,
,,,40.000000000000,   0.29600,
,,,40.200000000000,   0.29600,
,,,40.400000000000,   0.29600,
,,,40.600000000000,   0.29600,
,,,40.800000000000,   0.30400,
,,,41.000000000000,   0.29600,
,,,41.200000000000,   0.29600,
,,,41.400000000000,   0.29600,
,,,41.600000000000,   0.29600,
,,,41.800000000000,   0.30400,
,,,42.000000000000,   0.29600,
,,,42.200000000000,   0.28800,
,,,42.400000000000,   0.28800,
,,,42.600000000000,   0.29600,
,,,42.800000000000,   0.29600,
,,,43.000000000000,   0.28800,
,,,43.200000000000,   0.29600,
,,,43.400000000000,   0.28800,
,,,43.600000000000,   0.29600,
,,,43.800000000000,   0.29600,
,,,44.000000000000,   0.30400,
,,,44.200000000000,   0.29600,
,,,44.400000000000,   0.28800,
,,,44.600000000000,   0.30400,
,,,44.800000000000,   0.29600,
,,,45.000000000000,   0.30400,
,,,45.200000000000,   0.29600,
,,,45.400000000000,   0.29600,
,,,45.600000000000,   0.29600,
,,,45.800000000000,   0.29600,
,,,46.000000000000,   0.30400,
,,,46.200000000000,   0.29600,
,,,46.400000000000,   0.31200,
,,,46.600000000000,   0.29600,
,,,46.800000000000,   0.29600,
,,,47.000000000000,   0.29600,
,,,47.200000000000,   0.29600,
,,,47.400000000000,   0.30400,
,,,47.600000000000,   0.30400,
,,,47.800000000000,   0.30400,
,,,48.000000000000,   0.28800,
,,,48.200000000000,   0.31200,
,,,48.400000000000,   0.30400,
,,,48.600000000000,   0.29600,
,,,48.800000000000,   0.30400,
,,,49.000000000000,   0.29600,
,,,49.200000000000,   0.31200,
,,,49.400000000000,   0.29600,
,,,49.600000000000,   0.30400,
,,,49.800000000000,   0.31200,
,,,50.000000000000,   0.30400,
,,,50.200000000000,   0.30400,
,,,50.400000000000,   0.29600,
,,,50.600000000000,   0.30400,
,,,50.800000000000,   0.30400,
,,,51.000000000000,   0.30400,
,,,51.200000000000,   0.30400,
,,,51.400000000000,   0.31200,
,,,51.600000000000,   0.31200,
,,,51.800000000000,   0.31200,
,,,52.000000000000,   0.30400,
,,,52.200000000000,   0.32000,
,,,52.400000000000,   0.31200,
,,,52.600000000000,   0.31200,
,,,52.800000000000,   0.31200,
,,,53.000000000000,   0.31200,
,,,53.200000000000,   0.31200,
,,,53.400000000000,   0.31200,
,,,53.600000000000,   0.32000,
,,,53.800000000000,   0.32000,
,,,54.000000000000,   0.31200,
,,,54.200000000000,   0.32000,
,,,54.400000000000,   0.32000,
,,,54.600000000000,   0.30400,
,,,54.800000000000,   0.30400,
,,,55.000000000000,   0.31200,
,,,55.200000000000,   0.30400,
,,,55.400000000000,   0.32000,
,,,55.600000000000,   0.32800,
,,,55.800000000000,   0.31200,
,,,56.000000000000,   0.31200,
,,,56.200000000000,   0.33600,
,,,56.400000000000,   0.31200,
,,,56.600000000000,   0.32000,
,,,56.800000000000,   0.32000,
,,,57.000000000000,   0.32800,
,,,57.200000000000,   0.32000,
,,,57.400000000000,   0.31200,
,,,57.600000000000,   0.32800,
,,,57.800000000000,   0.32800,
,,,58.000000000000,   0.32000,
,,,58.200000000000,   0.32800,
,,,58.400000000000,   0.32000,
,,,58.600000000000,   0.32000,
,,,58.800000000000,   0.32000,
,,,59.000000000000,   0.32800,
,,,59.200000000000,   0.32000,
,,,59.400000000000,   0.32800,
,,,59.600000000000,   0.32800,
,,,59.800000000000,   0.32800,
,,,60.000000000000,   0.32800,
,,,60.200000000000,   0.32800,
,,,60.400000000000,   0.33600,
,,,60.600000000000,   0.31200,
,,,60.800000000000,   0.33600,
,,,61.000000000000,   0.32800,
,,,61.200000000000,   0.32800,
,,,61.400000000000,   0.33600,
,,,61.600000000000,   0.32800,
,,,61.800000000000,   0.33600,
,,,62.000000000000,   0.32800,
,,,62.200000000000,   0.34400,
,,,62.400000000000,   0.34400,
,,,62.600000000000,   0.33600,
,,,62.800000000000,   0.33600,
,,,63.000000000000,   0.32000,
,,,63.200000000000,   0.33600,
,,,63.400000000000,   0.33600,
,,,63.600000000000,   0.33600,
,,,63.800000000000,   0.34400,
,,,64.000000000000,   0.33600,
,,,64.200000000000,   0.34400,
,,,64.400000000000,   0.34400,
,,,64.600000000000,   0.32800,
,,,64.800000000000,   0.32800,
,,,65.000000000000,   0.33600,
,,,65.200000000000,   0.34400,
,,,65.400000000000,   0.35200,
,,,65.600000000000,   0.35200,
,,,65.800000000000,   0.33600,
,,,66.000000000000,   0.33600,
,,,66.200000000000,   0.33600,
,,,66.400000000000,   0.33600,
,,,66.600000000000,   0.33600,
,,,66.800000000000,   0.34400,
,,,67.000000000000,   0.33600,
,,,67.200000000000,   0.33600,
,,,67.400000000000,   0.33600,
,,,67.600000000000,   0.35200,
,,,67.800000000000,   0.35200,
,,,68.000000000000,   0.34400,
,,,68.200000000000,   0.35200,
,,,68.400000000000,   0.34400,
,,,68.600000000000,   0.35200,
,,,68.800000000000,   0.35200,
,,,69.000000000000,   0.35200,
,,,69.200000000000,   0.36000,
,,,69.400000000000,   0.36000,
,,,69.600000000000,   0.36000,
,,,69.800000000000,   0.36000,
,,,70.000000000000,   0.35200,
,,,70.200000000000,   0.36000,
,,,70.400000000000,   0.35200,
,,,70.600000000000,   0.35200,
,,,70.800000000000,   0.34400,
,,,71.000000000000,   0.34400,
,,,71.200000000000,   0.36000,
,,,71.400000000000,   0.35200,
,,,71.600000000000,   0.34400,
,,,71.800000000000,   0.35200,
,,,72.000000000000,   0.36000,
,,,72.200000000000,   0.36000,
,,,72.400000000000,   0.35200,
,,,72.600000000000,   0.34400,
,,,72.800000000000,   0.36000,
,,,73.000000000000,   0.36000,
,,,73.200000000000,   0.36000,
,,,73.400000000000,   0.36800,
,,,73.600000000000,   0.36000,
,,,73.800000000000,   0.36000,
,,,74.000000000000,   0.36800,
,,,74.200000000000,   0.35200,
,,,74.400000000000,   0.36800,
,,,74.600000000000,   0.36800,
,,,74.800000000000,   0.36000,
,,,75.000000000000,   0.36000,
,,,75.200000000000,   0.36000,
,,,75.400000000000,   0.36000,
,,,75.600000000000,   0.36800,
,,,75.800000000000,   0.36800,
,,,76.000000000000,   0.37600,
,,,76.200000000000,   0.36800,
,,,76.400000000000,   0.37600,
,,,76.600000000000,   0.36800,
,,,76.800000000000,   0.36800,
,,,77.000000000000,   0.38400,
,,,77.200000000000,   0.36000,
,,,77.400000000000,   0.36000,
,,,77.600000000000,   0.36800,
,,,77.800000000000,   0.36800,
,,,78.000000000000,   0.37600,
,,,78.200000000000,   0.36800,
,,,78.400000000000,   0.35200,
,,,78.600000000000,   0.36800,
,,,78.800000000000,   0.36800,
,,,79.000000000000,   0.37600,
,,,79.200000000000,   0.36800,
,,,79.400000000000,   0.36000,
,,,79.600000000000,   0.38400,
,,,79.800000000000,   0.37600,
,,,80.000000000000,   0.36000,
,,,80.200000000000,   0.37600,
,,,80.400000000000,   0.37600,
,,,80.600000000000,   0.37600,
,,,80.800000000000,   0.37600,
,,,81.000000000000,   0.36800,
,,,81.200000000000,   0.38400,
,,,81.400000000000,   0.38400,
,,,81.600000000000,   0.37600,
,,,81.800000000000,   0.38400,
,,,82.000000000000,   0.38400,
,,,82.200000000000,   0.37600,
,,,82.400000000000,   0.38400,
,,,82.600000000000,   0.37600,
,,,82.800000000000,   0.38400,
,,,83.000000000000,   0.38400,
,,,83.200000000000,   0.38400,
,,,83.400000000000,   0.38400,
,,,83.600000000000,   0.38400,
,,,83.800000000000,   0.40000,
,,,84.000000000000,   0.38400,
,,,84.200000000000,   0.39200,
,,,84.400000000000,   0.38400,
,,,84.600000000000,   0.37600,
,,,84.800000000000,   0.39200,
,,,85.000000000000,   0.39200,
,,,85.200000000000,   0.38400,
,,,85.400000000000,   0.38400,
,,,85.600000000000,   0.38400,
,,,85.800000000000,   0.38400,
,,,86.000000000000,   0.39200,
,,,86.200000000000,   0.39200,
,,,86.400000000000,   0.39200,
,,,86.600000000000,   0.38400,
,,,86.800000000000,   0.39200,
,,,87.000000000000,   0.39200,
,,,87.200000000000,   0.39200,
,,,87.400000000000,   0.38400,
,,,87.600000000000,   0.39200,
,,,87.800000000000,   0.39200,
,,,88.000000000000,   0.39200,
,,,88.200000000000,   0.40000,
,,,88.400000000000,   0.39200,
,,,88.600000000000,   0.39200,
,,,88.800000000000,   0.40000,
,,,89.000000000000,   0.39200,
,,,89.200000000000,   0.40000,
,,,89.400000000000,   0.38400,
,,,89.600000000000,   0.40800,
,,,89.800000000000,   0.40800,
,,,90.000000000000,   0.40000,
,,,90.200000000000,   0.39200,
,,,90.400000000000,   0.40000,
,,,90.600000000000,   0.40800,
,,,90.800000000000,   0.40800,
,,,91.000000000000,   0.40000,
,,,91.200000000000,   0.39200,
,,,91.400000000000,   0.39200,
,,,91.600000000000,   0.42400,
,,,91.800000000000,   0.40000,
,,,92.000000000000,   0.40000,
,,,92.200000000000,   0.41600,
,,,92.400000000000,   0.40800,
,,,92.600000000000,   0.41600,
,,,92.800000000000,   0.40800,
,,,93.000000000000,   0.40800,
,,,93.200000000000,   0.41600,
,,,93.400000000000,   0.41600,
,,,93.600000000000,   0.40800,
,,,93.800000000000,   0.42400,
,,,94.000000000000,   0.41600,
,,,94.200000000000,   0.40800,
,,,94.400000000000,   0.40800,
,,,94.600000000000,   0.41600,
,,,94.800000000000,   0.41600,
,,,95.000000000000,   0.41600,
,,,95.200000000000,   0.42400,
,,,95.400000000000,   0.40800,
,,,95.600000000000,   0.40800,
,,,95.800000000000,   0.40800,
,,,96.000000000000,   0.42400,
,,,96.200000000000,   0.42400,
,,,96.400000000000,   0.42400,
,,,96.600000000000,   0.42400,
,,,96.800000000000,   0.40000,
,,,97.000000000000,   0.42400,
,,,97.200000000000,   0.41600,
,,,97.400000000000,   0.41600,
,,,97.600000000000,   0.41600,
,,,97.800000000000,   0.42400,
,,,98.000000000000,   0.43200,
,,,98.200000000000,   0.42400,
,,,98.400000000000,   0.40800,
,,,98.600000000000,   0.41600,
,,,98.800000000000,   0.42400,
,,,99.000000000000,   0.42400,
,,,99.200000000000,   0.41600,
,,,99.400000000000,   0.43200,
,,,99.600000000000,   0.43200,
,,,99.800000000000,   0.42400,
,,,100.000000000000,   0.43200,
,,,100.200000000000,   0.41600,
,,,100.400000000000,   0.42400,
,,,100.600000000000,   0.48800,
,,,100.800000000000,   0.43200,
,,,101.000000000000,   0.41600,
,,,101.200000000000,   0.42400,
,,,101.400000000000,   0.43200,
,,,101.600000000000,   0.43200,
,,,101.800000000000,   0.43200,
,,,102.000000000000,   0.43200,
,,,102.200000000000,   0.42400,
,,,102.400000000000,   0.43200,
,,,102.600000000000,   0.43200,
,,,102.800000000000,   0.41600,
,,,103.000000000000,   0.43200,
,,,103.200000000000,   0.43200,
,,,103.400000000000,   0.44000,
,,,103.600000000000,   0.44000,
,,,103.800000000000,   0.44800,
,,,104.000000000000,   0.42400,
,,,104.200000000000,   0.42400,
,,,104.400000000000,   0.43200,
,,,104.600000000000,   0.43200,
,,,104.800000000000,   0.40800,
,,,105.000000000000,   0.42400,
,,,105.200000000000,   0.43200,
,,,105.400000000000,   0.42400,
,,,105.600000000000,   0.43200,
,,,105.800000000000,   0.44000,
,,,106.000000000000,   0.42400,
,,,106.200000000000,   0.44000,
,,,106.400000000000,   0.44800,
,,,106.600000000000,   0.44800,
,,,106.800000000000,   0.43200,
,,,107.000000000000,   0.43200,
,,,107.200000000000,   0.44000,
,,,107.400000000000,   0.44800,
,,,107.600000000000,   0.44000,
,,,107.800000000000,   0.44000,
,,,108.000000000000,   0.44000,
,,,108.200000000000,   0.43200,
,,,108.400000000000,   0.43200,
,,,108.600000000000,   0.45600,
,,,108.800000000000,   0.44800,
,,,109.000000000000,   0.44800,
,,,109.200000000000,   0.43200,
,,,109.400000000000,   0.47200,
,,,109.600000000000,   0.44800,
,,,109.800000000000,   0.45600,
,,,110.000000000000,   0.44000,
,,,110.200000000000,   0.44000,
,,,110.400000000000,   0.46400,
,,,110.600000000000,   0.44800,
,,,110.800000000000,   0.44000,
,,,111.000000000000,   0.43200,
,,,111.200000000000,   0.43200,
,,,111.400000000000,   0.44800,
,,,111.600000000000,   0.45600,
,,,111.800000000000,   0.44000,
,,,112.000000000000,   0.45600,
,,,112.200000000000,   0.43200,
,,,112.400000000000,   0.44800,
,,,112.600000000000,   0.43200,
,,,112.800000000000,   0.44800,
,,,113.000000000000,   0.44800,
,,,113.200000000000,   0.44800,
,,,113.400000000000,   0.46400,
,,,113.600000000000,   0.44800,
,,,113.800000000000,   0.44000,
,,,114.000000000000,   0.45600,
,,,114.200000000000,   0.44000,
,,,114.400000000000,   0.44800,
,,,114.600000000000,   0.46400,
,,,114.800000000000,   0.45600,
,,,115.000000000000,   0.43200,
,,,115.200000000000,   0.45600,
,,,115.400000000000,   0.44800,
,,,115.600000000000,   0.43200,
,,,115.800000000000,   0.44800,
,,,116.000000000000,   0.45600,
,,,116.200000000000,   0.45600,
,,,116.400000000000,   0.46400,
,,,116.600000000000,   0.44800,
,,,116.800000000000,   0.45600,
,,,117.000000000000,   0.45600,
,,,117.200000000000,   0.45600,
,,,117.400000000000,   0.44800,
,,,117.600000000000,   0.45600,
,,,117.800000000000,   0.46400,
,,,118.000000000000,   0.45600,
,,,118.200000000000,   0.50400,
,,,118.400000000000,   0.46400,
,,,118.600000000000,   0.45600,
,,,118.800000000000,   0.45600,
,,,119.000000000000,   0.46400,
,,,119.200000000000,   0.44800,
,,,119.400000000000,   0.46400,
,,,119.600000000000,   0.45600,
,,,119.800000000000,   0.45600,
,,,120.000000000000,   0.45600,
,,,120.200000000000,   0.46400,
,,,120.400000000000,   0.44800,
,,,120.600000000000,   0.46400,
,,,120.800000000000,   0.44800,
,,,121.000000000000,   0.46400,
,,,121.200000000000,   0.45600,
,,,121.400000000000,   0.45600,
,,,121.600000000000,   0.46400,
,,,121.800000000000,   0.45600,
,,,122.000000000000,   0.46400,
,,,122.200000000000,   0.45600,
,,,122.400000000000,   0.48800,
,,,122.600000000000,   0.47200,
,,,122.800000000000,   0.45600,
,,,123.000000000000,   0.47200,
,,,123.200000000000,   0.45600,
,,,123.400000000000,   0.45600,
,,,123.600000000000,   0.47200,
,,,123.800000000000,   0.47200,
,,,124.000000000000,   0.47200,
,,,124.200000000000,   0.44800,
,,,124.400000000000,   0.46400,
,,,124.600000000000,   0.46400,
,,,124.800000000000,   0.48000,
,,,125.000000000000,   0.48000,
,,,125.200000000000,   0.48800,
,,,125.400000000000,   0.46400,
,,,125.600000000000,   0.48000,
,,,125.800000000000,   0.47200,
,,,126.000000000000,   0.45600,
,,,126.200000000000,   0.48000,
,,,126.400000000000,   0.47200,
,,,126.600000000000,   0.45600,
,,,126.800000000000,   0.45600,
,,,127.000000000000,   0.46400,
,,,127.200000000000,   0.36000,
,,,127.400000000000,   0.47200,
,,,127.600000000000,   0.46400,
,,,127.800000000000,   0.48000,
,,,128.000000000000,   0.45600,
,,,128.200000000000,   0.47200,
,,,128.400000000000,   0.47200,
,,,128.600000000000,   0.47200,
,,,128.800000000000,   0.47200,
,,,129.000000000000,   0.47200,
,,,129.200000000000,   0.48000,
,,,129.400000000000,   0.48800,
,,,129.600000000000,   0.48000,
,,,129.800000000000,   0.47200,
,,,130.000000000000,   0.46400,
,,,130.200000000000,   0.47200,
,,,130.400000000000,   0.48000,
,,,130.600000000000,   0.46400,
,,,130.800000000000,   0.47200,
,,,131.000000000000,   0.47200,
,,,131.200000000000,   0.48800,
,,,131.400000000000,   0.48000,
,,,131.600000000000,   0.48800,
,,,131.800000000000,   0.48800,
,,,132.000000000000,   0.40800,
,,,132.200000000000,   0.48000,
,,,132.400000000000,   0.47200,
,,,132.600000000000,   0.47200,
,,,132.800000000000,   0.48000,
,,,133.000000000000,   0.48800,
,,,133.200000000000,   0.47200,
,,,133.400000000000,   0.46400,
,,,133.600000000000,   0.47200,
,,,133.800000000000,   0.47200,
,,,134.000000000000,   0.47200,
,,,134.200000000000,   0.48800,
,,,134.400000000000,   0.48800,
,,,134.600000000000,   0.48000,
,,,134.800000000000,   0.51200,
,,,135.000000000000,   0.47200,
,,,135.200000000000,   0.47200,
,,,135.400000000000,   0.47200,
,,,135.600000000000,   0.48800,
,,,135.800000000000,   0.48800,
,,,136.000000000000,   0.47200,
,,,136.200000000000,   0.48000,
,,,136.400000000000,   0.48800,
,,,136.600000000000,   0.48800,
,,,136.800000000000,   0.48800,
,,,137.000000000000,   0.48800,
,,,137.200000000000,   0.48000,
,,,137.400000000000,   0.48800,
,,,137.600000000000,   0.48000,
,,,137.800000000000,   0.48800,
,,,138.000000000000,   0.48800,
,,,138.200000000000,   0.48800,
,,,138.400000000000,   0.48000,
,,,138.600000000000,   0.48000,
,,,138.800000000000,   0.48800,
,,,139.000000000000,   0.47200,
,,,139.200000000000,   0.48800,
,,,139.400000000000,   0.50400,
,,,139.600000000000,   0.48800,
,,,139.800000000000,   0.49600,
,,,140.000000000000,   0.48800,
,,,140.200000000000,   0.47200,
,,,140.400000000000,   0.49600,
,,,140.600000000000,   0.48000,
,,,140.800000000000,   0.48000,
,,,141.000000000000,   0.48800,
,,,141.200000000000,   0.48000,
,,,141.400000000000,   0.49600,
,,,141.600000000000,   0.45600,
,,,141.800000000000,   0.48800,
,,,142.000000000000,   0.48000,
,,,142.200000000000,   0.51200,
,,,142.400000000000,   0.48000,
,,,142.600000000000,   0.51200,
,,,142.800000000000,   0.49600,
,,,143.000000000000,   0.49600,
,,,143.200000000000,   0.49600,
,,,143.400000000000,   0.48000,
,,,143.600000000000,   0.49600,
,,,143.800000000000,   0.48800,
,,,144.000000000000,   0.49600,
,,,144.200000000000,   0.49600,
,,,144.400000000000,   0.50400,
,,,144.600000000000,   0.53600,
,,,144.800000000000,   0.48800,
,,,145.000000000000,   0.48800,
,,,145.200000000000,   0.48800,
,,,145.400000000000,   0.48000,
,,,145.600000000000,   0.43200,
,,,145.800000000000,   0.49600,
,,,146.000000000000,   0.50400,
,,,146.200000000000,   0.50400,
,,,146.400000000000,   0.50400,
,,,146.600000000000,   0.48800,
,,,146.800000000000,   0.48800,
,,,147.000000000000,   0.49600,
,,,147.200000000000,   0.48000,
,,,147.400000000000,   0.50400,
,,,147.600000000000,   0.51200,
,,,147.800000000000,   0.50400,
,,,148.000000000000,   0.49600,
,,,148.200000000000,   0.49600,
,,,148.400000000000,   0.49600,
,,,148.600000000000,   0.50400,
,,,148.800000000000,   0.49600,
,,,149.000000000000,   0.49600,
,,,149.200000000000,   0.49600,
,,,149.400000000000,   0.51200,
,,,149.600000000000,   0.49600,
,,,149.800000000000,   0.49600,
,,,150.000000000000,   0.49600,
,,,150.200000000000,   0.49600,
,,,150.400000000000,   0.50400,
,,,150.600000000000,   0.50400,
,,,150.800000000000,   0.50400,
,,,151.000000000000,   0.48800,
,,,151.200000000000,   0.50400,
,,,151.400000000000,   0.52000,
,,,151.600000000000,   0.51200,
,,,151.800000000000,   0.49600,
,,,152.000000000000,   0.52000,
,,,152.200000000000,   0.51200,
,,,152.400000000000,   0.49600,
,,,152.600000000000,   0.49600,
,,,152.800000000000,   0.50400,
,,,153.000000000000,   0.50400,
,,,153.200000000000,   0.50400,
,,,153.400000000000,   0.49600,
,,,153.600000000000,   0.49600,
,,,153.800000000000,   0.51200,
,,,154.000000000000,   0.50400,
,,,154.200000000000,   0.51200,
,,,154.400000000000,   0.50400,
,,,154.600000000000,   0.49600,
,,,154.800000000000,   0.51200,
,,,155.000000000000,   0.50400,
,,,155.200000000000,   0.51200,
,,,155.400000000000,   0.50400,
,,,155.600000000000,   0.50400,
,,,155.800000000000,   0.51200,
,,,156.000000000000,   0.51200,
,,,156.200000000000,   0.50400,
,,,156.400000000000,   0.51200,
,,,156.600000000000,   0.52000,
,,,156.800000000000,   0.51200,
,,,157.000000000000,   0.48800,
,,,157.200000000000,   0.51200,
,,,157.400000000000,   0.51200,
,,,157.600000000000,   0.50400,
,,,157.800000000000,   0.50400,
,,,158.000000000000,   0.50400,
,,,158.200000000000,   0.51200,
,,,158.400000000000,   0.50400,
,,,158.600000000000,   0.52000,
,,,158.800000000000,   0.52000,
,,,159.000000000000,   0.51200,
,,,159.200000000000,   0.52000,
,,,159.400000000000,   0.51200,
,,,159.600000000000,   0.50400,
,,,159.800000000000,   0.51200,
,,,160.000000000000,   0.50400,
,,,160.200000000000,   0.51200,
,,,160.400000000000,   0.50400,
,,,160.600000000000,   0.51200,
,,,160.800000000000,   0.52000,
,,,161.000000000000,   0.51200,
,,,161.200000000000,   0.50400,
,,,161.400000000000,   0.52000,
,,,161.600000000000,   0.52000,
,,,161.800000000000,   0.50400,
,,,162.000000000000,   0.51200,
,,,162.200000000000,   0.52000,
,,,162.400000000000,   0.52000,
,,,162.600000000000,   0.51200,
,,,162.800000000000,   0.52000,
,,,163.000000000000,   0.52000,
,,,163.200000000000,   0.52000,
,,,163.400000000000,   0.51200,
,,,163.600000000000,   0.52000,
,,,163.800000000000,   0.52000,
,,,164.000000000000,   0.51200,
,,,164.200000000000,   0.51200,
,,,164.400000000000,   0.52000,
,,,164.600000000000,   0.52000,
,,,164.800000000000,   0.52800,
,,,165.000000000000,   0.52000,
,,,165.200000000000,   0.51200,
,,,165.400000000000,   0.52000,
,,,165.600000000000,   0.52000,
,,,165.800000000000,   0.52000,
,,,166.000000000000,   0.52000,
,,,166.200000000000,   0.52000,
,,,166.400000000000,   0.52000,
,,,166.600000000000,   0.52000,
,,,166.800000000000,   0.51200,
,,,167.000000000000,   0.52800,
,,,167.200000000000,   0.52000,
,,,167.400000000000,   0.52000,
,,,167.600000000000,   0.52000,
,,,167.800000000000,   0.52800,
,,,168.000000000000,   0.51200,
,,,168.200000000000,   0.52000,
,,,168.400000000000,   0.52000,
,,,168.600000000000,   0.52000,
,,,168.800000000000,   0.51200,
,,,169.000000000000,   0.52000,
,,,169.200000000000,   0.52800,
,,,169.400000000000,   0.52800,
,,,169.600000000000,   0.52000,
,,,169.800000000000,   0.52000,
,,,170.000000000000,   0.52000,
,,,170.200000000000,   0.52000,
,,,170.400000000000,   0.52800,
,,,170.600000000000,   0.52000,
,,,170.800000000000,   0.52000,
,,,171.000000000000,   0.52000,
,,,171.200000000000,   0.52000,
,,,171.400000000000,   0.52000,
,,,171.600000000000,   0.52000,
,,,171.800000000000,   0.52800,
,,,172.000000000000,   0.52800,
,,,172.200000000000,   0.52800,
,,,172.400000000000,   0.53600,
,,,172.600000000000,   0.53600,
,,,172.800000000000,   0.52000,
,,,173.000000000000,   0.52000,
,,,173.200000000000,   0.52800,
,,,173.400000000000,   0.52800,
,,,173.600000000000,   0.51200,
,,,173.800000000000,   0.52000,
,,,174.000000000000,   0.52000,
,,,174.200000000000,   0.52800,
,,,174.400000000000,   0.52000,
,,,174.600000000000,   0.52800,
,,,174.800000000000,   0.52000,
,,,175.000000000000,   0.52000,
,,,175.200000000000,   0.52000,
,,,175.400000000000,   0.52800,
,,,175.600000000000,   0.52000,
,,,175.800000000000,   0.52800,
,,,176.000000000000,   0.52800,
,,,176.200000000000,   0.53600,
,,,176.400000000000,   0.52800,
,,,176.600000000000,   0.50400,
,,,176.800000000000,   0.49600,
,,,177.000000000000,   0.52000,
,,,177.200000000000,   0.52800,
,,,177.400000000000,   0.50400,
,,,177.600000000000,   0.52000,
,,,177.800000000000,   0.52800,
,,,178.000000000000,   0.53600,
,,,178.200000000000,   0.52800,
,,,178.400000000000,   0.53600,
,,,178.600000000000,   0.52000,
,,,178.800000000000,   0.52000,
,,,179.000000000000,   0.51200,
,,,179.200000000000,   0.54400,
,,,179.400000000000,   0.52800,
,,,179.600000000000,   0.52800,
,,,179.800000000000,   0.52800,
,,,180.000000000000,   0.53600,
,,,180.200000000000,   0.54400,
,,,180.400000000000,   0.53600,
,,,180.600000000000,   0.52000,
,,,180.800000000000,   0.52800,
,,,181.000000000000,   0.53600,
,,,181.200000000000,   0.53600,
,,,181.400000000000,   0.52000,
,,,181.600000000000,   0.52800,
,,,181.800000000000,   0.52000,
,,,182.000000000000,   0.52800,
,,,182.200000000000,   0.53600,
,,,182.400000000000,   0.53600,
,,,182.600000000000,   0.52800,
,,,182.800000000000,   0.52800,
,,,183.000000000000,   0.52000,
,,,183.200000000000,   0.53600,
,,,183.400000000000,   0.52800,
,,,183.600000000000,   0.54400,
,,,183.800000000000,   0.55200,
,,,184.000000000000,   0.52800,
,,,184.200000000000,   0.53600,
,,,184.400000000000,   0.52000,
,,,184.600000000000,   0.53600,
,,,184.800000000000,   0.52800,
,,,185.000000000000,   0.52800,
,,,185.200000000000,   0.52000,
,,,185.400000000000,   0.53600,
,,,185.600000000000,   0.52000,
,,,185.800000000000,   0.54400,
,,,186.000000000000,   0.53600,
,,,186.200000000000,   0.52800,
,,,186.400000000000,   0.53600,
,,,186.600000000000,   0.53600,
,,,186.800000000000,   0.56000,
,,,187.000000000000,   0.53600,
,,,187.200000000000,   0.53600,
,,,187.400000000000,   0.54400,
,,,187.600000000000,   0.52800,
,,,187.800000000000,   0.54400,
,,,188.000000000000,   0.53600,
,,,188.200000000000,   0.54400,
,,,188.400000000000,   0.53600,
,,,188.600000000000,   0.53600,
,,,188.800000000000,   0.54400,
,,,189.000000000000,   0.55200,
,,,189.200000000000,   0.53600,
,,,189.400000000000,   0.53600,
,,,189.600000000000,   0.53600,
,,,189.800000000000,   0.54400,
,,,190.000000000000,   0.53600,
,,,190.200000000000,   0.53600,
,,,190.400000000000,   0.54400,
,,,190.600000000000,   0.52800,
,,,190.800000000000,   0.39200,
,,,191.000000000000,   0.52800,
,,,191.200000000000,   0.54400,
,,,191.400000000000,   0.54400,
,,,191.600000000000,   0.53600,
,,,191.800000000000,   0.54400,
,,,192.000000000000,   0.53600,
,,,192.200000000000,   0.52800,
,,,192.400000000000,   0.54400,
,,,192.600000000000,   0.54400,
,,,192.800000000000,   0.53600,
,,,193.000000000000,   0.54400,
,,,193.200000000000,   0.55200,
,,,193.400000000000,   0.54400,
,,,193.600000000000,   0.54400,
,,,193.800000000000,   0.52000,
,,,194.000000000000,   0.54400,
,,,194.200000000000,   0.53600,
,,,194.400000000000,   0.54400,
,,,194.600000000000,   0.54400,
,,,194.800000000000,   0.54400,
,,,195.000000000000,   0.54400,
,,,195.200000000000,   0.53600,
,,,195.400000000000,   0.56000,
,,,195.600000000000,   0.54400,
,,,195.800000000000,   0.53600,
,,,196.000000000000,   0.53600,
,,,196.200000000000,   0.54400,
,,,196.400000000000,   0.53600,
,,,196.600000000000,   0.52800,
,,,196.800000000000,   0.53600,
,,,197.000000000000,   0.55200,
,,,197.200000000000,   0.56000,
,,,197.400000000000,   0.54400,
,,,197.600000000000,   0.54400,
,,,197.800000000000,   0.55200,
,,,198.000000000000,   0.54400,
,,,198.200000000000,   0.54400,
,,,198.400000000000,   0.52000,
,,,198.600000000000,   0.56000,
,,,198.800000000000,   0.53600,
,,,199.000000000000,   0.52800,
,,,199.200000000000,   0.54400,
,,,199.400000000000,   0.53600,
,,,199.600000000000,   0.54400,
,,,199.800000000000,   0.53600,
,,,200.000000000000,   0.54400,
,,,200.200000000000,   0.54400,
,,,200.400000000000,   0.53600,
,,,200.600000000000,   0.59200,
,,,200.800000000000,   0.53600,
,,,201.000000000000,   0.55200,
,,,201.200000000000,   0.55200,
,,,201.400000000000,   0.54400,
,,,201.600000000000,   0.54400,
,,,201.800000000000,   0.55200,
,,,202.000000000000,   0.54400,
,,,202.200000000000,   0.56000,
,,,202.400000000000,   0.54400,
,,,202.600000000000,   0.58400,
,,,202.800000000000,   0.54400,
,,,203.000000000000,   0.56000,
,,,203.200000000000,   0.53600,
,,,203.400000000000,   0.55200,
,,,203.600000000000,   0.54400,
,,,203.800000000000,   0.55200,
,,,204.000000000000,   0.53600,
,,,204.200000000000,   0.54400,
,,,204.400000000000,   0.54400,
,,,204.600000000000,   0.54400,
,,,204.800000000000,   0.54400,
,,,205.000000000000,   0.54400,
,,,205.200000000000,   0.54400,
,,,205.400000000000,   0.55200,
,,,205.600000000000,   0.55200,
,,,205.800000000000,   0.54400,
,,,206.000000000000,   0.55200,
,,,206.200000000000,   0.53600,
,,,206.400000000000,   0.54400,
,,,206.600000000000,   0.54400,
,,,206.800000000000,   0.55200,
,,,207.000000000000,   0.54400,
,,,207.200000000000,   0.54400,
,,,207.400000000000,   0.55200,
,,,207.600000000000,   0.54400,
,,,207.800000000000,   0.56000,
,,,208.000000000000,   0.54400,
,,,208.200000000000,   0.56000,
,,,208.400000000000,   0.55200,
,,,208.600000000000,   0.55200,
,,,208.800000000000,   0.54400,
,,,209.000000000000,   0.55200,
,,,209.200000000000,   0.54400,
,,,209.400000000000,   0.54400,
,,,209.600000000000,   0.54400,
,,,209.800000000000,   0.55200,
,,,210.000000000000,   0.55200,
,,,210.200000000000,   0.54400,
,,,210.400000000000,   0.54400,
,,,210.600000000000,   0.54400,
,,,210.800000000000,   0.55200,
,,,211.000000000000,   0.54400,
,,,211.200000000000,   0.55200,
,,,211.400000000000,   0.54400,
,,,211.600000000000,   0.55200,
,,,211.800000000000,   0.54400,
,,,212.000000000000,   0.55200,
,,,212.200000000000,   0.55200,
,,,212.400000000000,   0.54400,
,,,212.600000000000,   0.54400,
,,,212.800000000000,   0.54400,
,,,213.000000000000,   0.55200,
,,,213.200000000000,   0.55200,
,,,213.400000000000,   0.54400,
,,,213.600000000000,   0.58400,
,,,213.800000000000,   0.55200,
,,,214.000000000000,   0.52000,
,,,214.200000000000,   0.48800,
,,,214.400000000000,   0.55200,
,,,214.600000000000,   0.55200,
,,,214.800000000000,   0.55200,
,,,215.000000000000,   0.56000,
,,,215.200000000000,   0.55200,
,,,215.400000000000,   0.47200,
,,,215.600000000000,   0.55200,
,,,215.800000000000,   0.53600,
,,,216.000000000000,   0.55200,
,,,216.200000000000,   0.55200,
,,,216.400000000000,   0.54400,
,,,216.600000000000,   0.54400,
,,,216.800000000000,   0.44000,
,,,217.000000000000,   0.56000,
,,,217.200000000000,   0.55200,
,,,217.400000000000,   0.53600,
,,,217.600000000000,   0.54400,
,,,217.800000000000,   0.57600,
,,,218.000000000000,   0.56000,
,,,218.200000000000,   0.55200,
,,,218.400000000000,   0.55200,
,,,218.600000000000,   0.55200,
,,,218.800000000000,   0.55200,
,,,219.000000000000,   0.56800,
,,,219.200000000000,   0.56000,
,,,219.400000000000,   0.65600,
,,,219.600000000000,   0.55200,
,,,219.800000000000,   0.54400,
,,,220.000000000000,   0.56000,
,,,220.200000000000,   0.55200,
,,,220.400000000000,   0.56000,
,,,220.600000000000,   0.56000,
,,,220.800000000000,   0.56000,
,,,221.000000000000,   0.56000,
,,,221.200000000000,   0.55200,
,,,221.400000000000,   0.56000,
,,,221.600000000000,   0.56800,
,,,221.800000000000,   0.56800,
,,,222.000000000000,   0.55200,
,,,222.200000000000,   0.56000,
,,,222.400000000000,   0.56000,
,,,222.600000000000,   0.56800,
,,,222.800000000000,   0.56000,
,,,223.000000000000,   0.56800,
,,,223.200000000000,   0.56000,
,,,223.400000000000,   0.56800,
,,,223.600000000000,   0.56800,
,,,223.800000000000,   0.56000,
,,,224.000000000000,   0.52800,
,,,224.200000000000,   0.56000,
,,,224.400000000000,   0.56000,
,,,224.600000000000,   0.54400,
,,,224.800000000000,   0.56000,
,,,225.000000000000,   0.55200,
,,,225.200000000000,   0.56000,
,,,225.400000000000,   0.56000,
,,,225.600000000000,   0.55200,
,,,225.800000000000,   0.54400,
,,,226.000000000000,   0.56000,
,,,226.200000000000,   0.56000,
,,,226.400000000000,   0.56000,
,,,226.600000000000,   0.55200,
,,,226.800000000000,   0.56000,
,,,227.000000000000,   0.56000,
,,,227.200000000000,   0.56800,
,,,227.400000000000,   0.56800,
,,,227.600000000000,   0.55200,
,,,227.800000000000,   0.56000,
,,,228.000000000000,   0.55200,
,,,228.200000000000,   0.56000,
,,,228.400000000000,   0.56800,
,,,228.600000000000,   0.54400,
,,,228.800000000000,   0.55200,
,,,229.000000000000,   0.56800,
,,,229.200000000000,   0.56800,
,,,229.400000000000,   0.56800,
,,,229.600000000000,   0.54400,
,,,229.800000000000,   0.56000,
,,,230.000000000000,   0.56800,
,,,230.200000000000,   0.56000,
,,,230.400000000000,   0.56800,
,,,230.600000000000,   0.56000,
,,,230.800000000000,   0.59200,
,,,231.000000000000,   0.56800,
,,,231.200000000000,   0.56800,
,,,231.400000000000,   0.56000,
,,,231.600000000000,   0.55200,
,,,231.800000000000,   0.56000,
,,,232.000000000000,   0.56800,
,,,232.200000000000,   0.55200,
,,,232.400000000000,   0.56000,
,,,232.600000000000,   0.56800,
,,,232.800000000000,   0.54400,
,,,233.000000000000,   0.55200,
,,,233.200000000000,   0.59200,
,,,233.400000000000,   0.55200,
,,,233.600000000000,   0.56800,
,,,233.800000000000,   0.56800,
,,,234.000000000000,   0.56800,
,,,234.200000000000,   0.57600,
,,,234.400000000000,   0.56800,
,,,234.600000000000,   0.52800,
,,,234.800000000000,   0.57600,
,,,235.000000000000,   0.56800,
,,,235.200000000000,   0.56000,
,,,235.400000000000,   0.57600,
,,,235.600000000000,   0.56800,
,,,235.800000000000,   0.56800,
,,,236.000000000000,   0.56800,
,,,236.200000000000,   0.56800,
,,,236.400000000000,   0.56000,
,,,236.600000000000,   0.56000,
,,,236.800000000000,   0.57600,
,,,237.000000000000,   0.56800,
,,,237.200000000000,   0.56000,
,,,237.400000000000,   0.56000,
,,,237.600000000000,   0.56800,
,,,237.800000000000,   0.57600,
,,,238.000000000000,   0.56000,
,,,238.200000000000,   0.56800,
,,,238.400000000000,   0.51200,
,,,238.600000000000,   0.58400,
,,,238.800000000000,   0.57600,
,,,239.000000000000,   0.56000,
,,,239.200000000000,   0.59200,
,,,239.400000000000,   0.56000,
,,,239.600000000000,   0.55200,
,,,239.800000000000,   0.58400,
,,,240.000000000000,   0.57600,
,,,240.200000000000,   0.56800,
,,,240.400000000000,   0.56000,
,,,240.600000000000,   0.57600,
,,,240.800000000000,   0.56800,
,,,241.000000000000,   0.57600,
,,,241.200000000000,   0.56800,
,,,241.400000000000,   0.56800,
,,,241.600000000000,   0.56000,
,,,241.800000000000,   0.57600,
,,,242.000000000000,   0.56800,
,,,242.200000000000,   0.56800,
,,,242.400000000000,   0.57600,
,,,242.600000000000,   0.57600,
,,,242.800000000000,   0.56800,
,,,243.000000000000,   0.57600,
,,,243.200000000000,   0.57600,
,,,243.400000000000,   0.56800,
,,,243.600000000000,   0.56800,
,,,243.800000000000,   0.57600,
,,,244.000000000000,   0.56000,
,,,244.200000000000,   0.56800,
,,,244.400000000000,   0.57600,
,,,244.600000000000,   0.56800,
,,,244.800000000000,   0.56800,
,,,245.000000000000,   0.56800,
,,,245.200000000000,   0.57600,
,,,245.400000000000,   0.56800,
,,,245.600000000000,   0.56800,
,,,245.800000000000,   0.56800,
,,,246.000000000000,   0.56800,
,,,246.200000000000,   0.56000,
,,,246.400000000000,   0.57600,
,,,246.600000000000,   0.57600,
,,,246.800000000000,   0.57600,
,,,247.000000000000,   0.55200,
,,,247.200000000000,   0.57600,
,,,247.400000000000,   0.56800,
,,,247.600000000000,   0.57600,
,,,247.800000000000,   0.56800,
,,,248.000000000000,   0.57600,
,,,248.200000000000,   0.57600,
,,,248.400000000000,   0.58400,
,,,248.600000000000,   0.56800,
,,,248.800000000000,   0.57600,
,,,249.000000000000,   0.56000,
,,,249.200000000000,   0.57600,
,,,249.400000000000,   0.57600,
,,,249.600000000000,   0.56800,
,,,249.800000000000,   0.56800,
,,,250.000000000000,   0.57600,
,,,250.200000000000,   0.58400,
,,,250.400000000000,   0.56800,
,,,250.600000000000,   0.56800,
,,,250.800000000000,   0.57600,
,,,251.000000000000,   0.56800,
,,,251.200000000000,   0.56000,
,,,251.400000000000,   0.57600,
,,,251.600000000000,   0.58400,
,,,251.800000000000,   0.58400,
,,,252.000000000000,   0.57600,
,,,252.200000000000,   0.58400,
,,,252.400000000000,   0.57600,
,,,252.600000000000,   0.60000,
,,,252.800000000000,   0.58400,
,,,253.000000000000,   0.59200,
,,,253.200000000000,   0.56800,
,,,253.400000000000,   0.58400,
,,,253.600000000000,   0.58400,
,,,253.800000000000,   0.57600,
,,,254.000000000000,   0.58400,
,,,254.200000000000,   0.56800,
,,,254.400000000000,   0.58400,
,,,254.600000000000,   0.56800,
,,,254.800000000000,   0.57600,
,,,255.000000000000,   0.58400,
,,,255.200000000000,   0.56800,
,,,255.400000000000,   0.57600,
,,,255.600000000000,   0.57600,
,,,255.800000000000,   0.56800,
,,,256.000000000000,   0.56800,
,,,256.200000000000,   0.58400,
,,,256.400000000000,   0.57600,
,,,256.600000000000,   0.58400,
,,,256.800000000000,   0.56800,
,,,257.000000000000,   0.57600,
,,,257.200000000000,   0.57600,
,,,257.400000000000,   0.57600,
,,,257.600000000000,   0.58400,
,,,257.800000000000,   0.56800,
,,,258.000000000000,   0.57600,
,,,258.200000000000,   0.56000,
,,,258.400000000000,   0.57600,
,,,258.600000000000,   0.57600,
,,,258.800000000000,   0.56000,
,,,259.000000000000,   0.56800,
,,,259.200000000000,   0.58400,
,,,259.400000000000,   0.58400,
,,,259.600000000000,   0.57600,
,,,259.800000000000,   0.56800,
,,,260.000000000000,   0.58400,
,,,260.200000000000,   0.57600,
,,,260.400000000000,   0.57600,
,,,260.600000000000,   0.56800,
,,,260.800000000000,   0.58400,
,,,261.000000000000,   0.57600,
,,,261.200000000000,   0.56800,
,,,261.400000000000,   0.58400,
,,,261.600000000000,   0.57600,
,,,261.800000000000,   0.58400,
,,,262.000000000000,   0.58400,
,,,262.200000000000,   0.58400,
,,,262.400000000000,   0.57600,
,,,262.600000000000,   0.56800,
,,,262.800000000000,   0.56800,
,,,263.000000000000,   0.56800,
,,,263.200000000000,   0.57600,
,,,263.400000000000,   0.57600,
,,,263.600000000000,   0.59200,
,,,263.800000000000,   0.56800,
,,,264.000000000000,   0.56800,
,,,264.200000000000,   0.59200,
,,,264.400000000000,   0.57600,
,,,264.600000000000,   0.56800,
,,,264.800000000000,   0.56800,
,,,265.000000000000,   0.58400,
,,,265.200000000000,   0.58400,
,,,265.400000000000,   0.57600,
,,,265.600000000000,   0.57600,
,,,265.800000000000,   0.58400,
,,,266.000000000000,   0.58400,
,,,266.200000000000,   0.58400,
,,,266.400000000000,   0.57600,
,,,266.600000000000,   0.56800,
,,,266.800000000000,   0.57600,
,,,267.000000000000,   0.59200,
,,,267.200000000000,   0.57600,
,,,267.400000000000,   0.57600,
,,,267.600000000000,   0.56000,
,,,267.800000000000,   0.59200,
,,,268.000000000000,   0.57600,
,,,268.200000000000,   0.57600,
,,,268.400000000000,   0.58400,
,,,268.600000000000,   0.57600,
,,,268.800000000000,   0.57600,
,,,269.000000000000,   0.58400,
,,,269.200000000000,   0.57600,
,,,269.400000000000,   0.58400,
,,,269.600000000000,   0.58400,
,,,269.800000000000,   0.57600,
,,,270.000000000000,   0.61600,
,,,270.200000000000,   0.56800,
,,,270.400000000000,   0.57600,
,,,270.600000000000,   0.57600,
,,,270.800000000000,   0.59200,
,,,271.000000000000,   0.58400,
,,,271.200000000000,   0.57600,
,,,271.400000000000,   0.58400,
,,,271.600000000000,   0.57600,
,,,271.800000000000,   0.58400,
,,,272.000000000000,   0.57600,
,,,272.200000000000,   0.56800,
,,,272.400000000000,   0.57600,
,,,272.600000000000,   0.56800,
,,,272.800000000000,   0.59200,
,,,273.000000000000,   0.57600,
,,,273.200000000000,   0.58400,
,,,273.400000000000,   0.59200,
,,,273.600000000000,   0.58400,
,,,273.800000000000,   0.56800,
,,,274.000000000000,   0.58400,
,,,274.200000000000,   0.57600,
,,,274.400000000000,   0.58400,
,,,274.600000000000,   0.59200,
,,,274.800000000000,   0.58400,
,,,275.000000000000,   0.57600,
,,,275.200000000000,   0.58400,
,,,275.400000000000,   0.58400,
,,,275.600000000000,   0.58400,
,,,275.800000000000,   0.59200,
,,,276.000000000000,   0.58400,
,,,276.200000000000,   0.57600,
,,,276.400000000000,   0.57600,
,,,276.600000000000,   0.58400,
,,,276.800000000000,   0.58400,
,,,277.000000000000,   0.58400,
,,,277.200000000000,   0.58400,
,,,277.400000000000,   0.57600,
,,,277.600000000000,   0.57600,
,,,277.800000000000,   0.57600,
,,,278.000000000000,   0.59200,
,,,278.200000000000,   0.59200,
,,,278.400000000000,   0.57600,
,,,278.600000000000,   0.57600,
,,,278.800000000000,   0.57600,
,,,279.000000000000,   0.57600,
,,,279.200000000000,   0.57600,
,,,279.400000000000,   0.57600,
,,,279.600000000000,   0.57600,
,,,279.800000000000,   0.56800,
,,,280.000000000000,   0.57600,
,,,280.200000000000,   0.58400,
,,,280.400000000000,   0.58400,
,,,280.600000000000,   0.57600,
,,,280.800000000000,   0.57600,
,,,281.000000000000,   0.59200,
,,,281.200000000000,   0.57600,
,,,281.400000000000,   0.56800,
,,,281.600000000000,   0.57600,
,,,281.800000000000,   0.58400,
,,,282.000000000000,   0.57600,
,,,282.200000000000,   0.58400,
,,,282.400000000000,   0.57600,
,,,282.600000000000,   0.59200,
,,,282.800000000000,   0.57600,
,,,283.000000000000,   0.59200,
,,,283.200000000000,   0.55200,
,,,283.400000000000,   0.57600,
,,,283.600000000000,   0.57600,
,,,283.800000000000,   0.58400,
,,,284.000000000000,   0.57600,
,,,284.200000000000,   0.57600,
,,,284.400000000000,   0.58400,
,,,284.600000000000,   0.56000,
,,,284.800000000000,   0.59200,
,,,285.000000000000,   0.56800,
,,,285.200000000000,   0.58400,
,,,285.400000000000,   0.58400,
,,,285.600000000000,   0.58400,
,,,285.800000000000,   0.58400,
,,,286.000000000000,   0.58400,
,,,286.200000000000,   0.58400,
,,,286.400000000000,   0.57600,
,,,286.600000000000,   0.58400,
,,,286.800000000000,   0.57600,
,,,287.000000000000,   0.58400,
,,,287.200000000000,   0.59200,
,,,287.400000000000,   0.57600,
,,,287.600000000000,   0.58400,
,,,287.800000000000,   0.59200,
,,,288.000000000000,   0.58400,
,,,288.200000000000,   0.57600,
,,,288.400000000000,   0.57600,
,,,288.600000000000,   0.58400,
,,,288.800000000000,   0.58400,
,,,289.000000000000,   0.60000,
,,,289.200000000000,   0.57600,
,,,289.400000000000,   0.59200,
,,,289.600000000000,   0.58400,
,,,289.800000000000,   0.59200,
,,,290.000000000000,   0.58400,
,,,290.200000000000,   0.56800,
,,,290.400000000000,   0.58400,
,,,290.600000000000,   0.58400,
,,,290.800000000000,   0.57600,
,,,291.000000000000,   0.60000,
,,,291.200000000000,   0.58400,
,,,291.400000000000,   0.58400,
,,,291.600000000000,   0.58400,
,,,291.800000000000,   0.58400,
,,,292.000000000000,   0.59200,
,,,292.200000000000,   0.58400,
,,,292.400000000000,   0.59200,
,,,292.600000000000,   0.59200,
,,,292.800000000000,   0.59200,
,,,293.000000000000,   0.58400,
,,,293.200000000000,   0.59200,
,,,293.400000000000,   0.59200,
,,,293.600000000000,   0.60800,
,,,293.800000000000,   0.57600,
,,,294.000000000000,   0.58400,
,,,294.200000000000,   0.58400,
,,,294.400000000000,   0.59200,
,,,294.600000000000,   0.59200,
,,,294.800000000000,   0.59200,
,,,295.000000000000,   0.59200,
,,,295.200000000000,   0.59200,
,,,295.400000000000,   0.60000,
,,,295.600000000000,   0.58400,
,,,295.800000000000,   0.57600,
,,,296.000000000000,   0.58400,
,,,296.200000000000,   0.59200,
,,,296.400000000000,   0.58400,
,,,296.600000000000,   0.58400,
,,,296.800000000000,   0.60000,
,,,297.000000000000,   0.60000,
,,,297.200000000000,   0.59200,
,,,297.400000000000,   0.57600,
,,,297.600000000000,   0.58400,
,,,297.800000000000,   0.60800,
,,,298.000000000000,   0.60800,
,,,298.200000000000,   0.59200,
,,,298.400000000000,   0.58400,
,,,298.600000000000,   0.60000,
,,,298.800000000000,   0.60000,
,,,299.000000000000,   0.59200,
,,,299.200000000000,   0.58400,
,,,299.400000000000,   0.59200,
,,,299.600000000000,   0.60000,
,,,299.800000000000,   0.60800,
,,,300.000000000000,   0.59200,
,,,300.200000000000,   0.59200,
,,,300.400000000000,   0.60000,
,,,300.600000000000,   0.60000,
,,,300.800000000000,   0.59200,
,,,301.000000000000,   0.60000,
,,,301.200000000000,   0.59200,
,,,301.400000000000,   0.59200,
,,,301.600000000000,   0.59200,
,,,301.800000000000,   0.60000,
,,,302.000000000000,   0.59200,
,,,302.200000000000,   0.60000,
,,,302.400000000000,   0.60000,
,,,302.600000000000,   0.60000,
,,,302.800000000000,   0.59200,
,,,303.000000000000,   0.60000,
,,,303.200000000000,   0.58400,
,,,303.400000000000,   0.58400,
,,,303.600000000000,   0.60000,
,,,303.800000000000,   0.58400,
,,,304.000000000000,   0.60000,
,,,304.200000000000,   0.59200,
,,,304.400000000000,   0.59200,
,,,304.600000000000,   0.59200,
,,,304.800000000000,   0.60000,
,,,305.000000000000,   0.60800,
,,,305.200000000000,   0.59200,
,,,305.400000000000,   0.60800,
,,,305.600000000000,   0.60800,
,,,305.800000000000,   0.60000,
,,,306.000000000000,   0.59200,
,,,306.200000000000,   0.59200,
,,,306.400000000000,   0.60000,
,,,306.600000000000,   0.60000,
,,,306.800000000000,   0.60000,
,,,307.000000000000,   0.60000,
,,,307.200000000000,   0.59200,
,,,307.400000000000,   0.60800,
,,,307.600000000000,   0.59200,
,,,307.800000000000,   0.60000,
,,,308.000000000000,   0.58400,
,,,308.200000000000,   0.60000,
,,,308.400000000000,   0.58400,
,,,308.600000000000,   0.59200,
,,,308.800000000000,   0.56800,
,,,309.000000000000,   0.60000,
,,,309.200000000000,   0.57600,
,,,309.400000000000,   0.60000,
,,,309.600000000000,   0.59200,
,,,309.800000000000,   0.60800,
,,,310.000000000000,   0.59200,
,,,310.200000000000,   0.60000,
,,,310.400000000000,   0.59200,
,,,310.600000000000,   0.60800,
,,,310.800000000000,   0.59200,
,,,311.000000000000,   0.59200,
,,,311.200000000000,   0.59200,
,,,311.400000000000,   0.59200,
,,,311.600000000000,   0.60000,
,,,311.800000000000,   0.60000,
,,,312.000000000000,   0.60000,
,,,312.200000000000,   0.59200,
,,,312.400000000000,   0.59200,
,,,312.600000000000,   0.62400,
,,,312.800000000000,   0.58400,
,,,313.000000000000,   0.60000,
,,,313.200000000000,   0.59200,
,,,313.400000000000,   0.60000,
,,,313.600000000000,   0.60000,
,,,313.800000000000,   0.59200,
,,,314.000000000000,   0.59200,
,,,314.200000000000,   0.60000,
,,,314.400000000000,   0.60000,
,,,314.600000000000,   0.60800,
,,,314.800000000000,   0.59200,
,,,315.000000000000,   0.59200,
,,,315.200000000000,   0.59200,
,,,315.400000000000,   0.59200,
,,,315.600000000000,   0.58400,
,,,315.800000000000,   0.60000,
,,,316.000000000000,   0.59200,
,,,316.200000000000,   0.59200,
,,,316.400000000000,   0.58400,
,,,316.600000000000,   0.58400,
,,,316.800000000000,   0.60000,
,,,317.000000000000,   0.59200,
,,,317.200000000000,   0.58400,
,,,317.400000000000,   0.60000,
,,,317.600000000000,   0.60000,
,,,317.800000000000,   0.60000,
,,,318.000000000000,   0.59200,
,,,318.200000000000,   0.59200,
,,,318.400000000000,   0.60000,
,,,318.600000000000,   0.60000,
,,,318.800000000000,   0.58400,
,,,319.000000000000,   0.59200,
,,,319.200000000000,   0.60000,
,,,319.400000000000,   0.59200,
,,,319.600000000000,   0.61600,
,,,319.800000000000,   0.59200,
,,,320.000000000000,   0.60000,
,,,320.200000000000,   0.60000,
,,,320.400000000000,   0.60000,
,,,320.600000000000,   0.58400,
,,,320.800000000000,   0.60800,
,,,321.000000000000,   0.60000,
,,,321.200000000000,   0.60800,
,,,321.400000000000,   0.59200,
,,,321.600000000000,   0.59200,
,,,321.800000000000,   0.59200,
,,,322.000000000000,   0.59200,
,,,322.200000000000,   0.60000,
,,,322.400000000000,   0.59200,
,,,322.600000000000,   0.60000,
,,,322.800000000000,   0.58400,
,,,323.000000000000,   0.60000,
,,,323.200000000000,   0.60000,
,,,323.400000000000,   0.60000,
,,,323.600000000000,   0.60000,
,,,323.800000000000,   0.60000,
,,,324.000000000000,   0.60000,
,,,324.200000000000,   0.60000,
,,,324.400000000000,   0.60000,
,,,324.600000000000,   0.59200,
,,,324.800000000000,   0.60000,
,,,325.000000000000,   0.59200,
,,,325.200000000000,   0.60000,
,,,325.400000000000,   0.60800,
,,,325.600000000000,   0.60800,
,,,325.800000000000,   0.60800,
,,,326.000000000000,   0.59200,
,,,326.200000000000,   0.60000,
,,,326.400000000000,   0.60000,
,,,326.600000000000,   0.59200,
,,,326.800000000000,   0.59200,
,,,327.000000000000,   0.60000,
,,,327.200000000000,   0.60000,
,,,327.400000000000,   0.59200,
,,,327.600000000000,   0.60000,
,,,327.800000000000,   0.59200,
,,,328.000000000000,   0.59200,
,,,328.200000000000,   0.60000,
,,,328.400000000000,   0.60000,
,,,328.600000000000,   0.60000,
,,,328.800000000000,   0.60000,
,,,329.000000000000,   0.60000,
,,,329.200000000000,   0.60800,
,,,329.400000000000,   0.60000,
,,,329.600000000000,   0.60800,
,,,329.800000000000,   0.60000,
,,,330.000000000000,   0.60800,
,,,330.200000000000,   0.56800,
,,,330.400000000000,   0.60000,
,,,330.600000000000,   0.60000,
,,,330.800000000000,   0.60000,
,,,331.000000000000,   0.60000,
,,,331.200000000000,   0.59200,
,,,331.400000000000,   0.60800,
,,,331.600000000000,   0.60000,
,,,331.800000000000,   0.60000,
,,,332.000000000000,   0.60800,
,,,332.200000000000,   0.60000,
,,,332.400000000000,   0.60000,
,,,332.600000000000,   0.59200,
,,,332.800000000000,   0.59200,
,,,333.000000000000,   0.60000,
,,,333.200000000000,   0.60000,
,,,333.400000000000,   0.59200,
,,,333.600000000000,   0.60800,
,,,333.800000000000,   0.59200,
,,,334.000000000000,   0.60000,
,,,334.200000000000,   0.60000,
,,,334.400000000000,   0.59200,
,,,334.600000000000,   0.60800,
,,,334.800000000000,   0.60000,
,,,335.000000000000,   0.59200,
,,,335.200000000000,   0.60800,
,,,335.400000000000,   0.60000,
,,,335.600000000000,   0.59200,
,,,335.800000000000,   0.61600,
,,,336.000000000000,   0.60000,
,,,336.200000000000,   0.60000,
,,,336.400000000000,   0.60800,
,,,336.600000000000,   0.60000,
,,,336.800000000000,   0.60000,
,,,337.000000000000,   0.59200,
,,,337.200000000000,   0.60000,
,,,337.400000000000,   0.59200,
,,,337.600000000000,   0.60800,
,,,337.800000000000,   0.60000,
,,,338.000000000000,   0.59200,
,,,338.200000000000,   0.60000,
,,,338.400000000000,   0.60000,
,,,338.600000000000,   0.60000,
,,,338.800000000000,   0.59200,
,,,339.000000000000,   0.60800,
,,,339.200000000000,   0.58400,
,,,339.400000000000,   0.58400,
,,,339.600000000000,   0.59200,
,,,339.800000000000,   0.60000,
,,,340.000000000000,   0.60000,
,,,340.200000000000,   0.60800,
,,,340.400000000000,   0.60000,
,,,340.600000000000,   0.60000,
,,,340.800000000000,   0.59200,
,,,341.000000000000,   0.60000,
,,,341.200000000000,   0.60800,
,,,341.400000000000,   0.60000,
,,,341.600000000000,   0.60000,
,,,341.800000000000,   0.60000,
,,,342.000000000000,   0.59200,
,,,342.200000000000,   0.59200,
,,,342.400000000000,   0.59200,
,,,342.600000000000,   0.60000,
,,,342.800000000000,   0.59200,
,,,343.000000000000,   0.60000,
,,,343.200000000000,   0.60000,
,,,343.400000000000,   0.60000,
,,,343.600000000000,   0.60000,
,,,343.800000000000,   0.59200,
,,,344.000000000000,   0.59200,
,,,344.200000000000,   0.60000,
,,,344.400000000000,   0.59200,
,,,344.600000000000,   0.60000,
,,,344.800000000000,   0.60000,
,,,345.000000000000,   0.59200,
,,,345.200000000000,   0.60000,
,,,345.400000000000,   0.60000,
,,,345.600000000000,   0.60000,
,,,345.800000000000,   0.60000,
,,,346.000000000000,   0.60800,
,,,346.200000000000,   0.60000,
,,,346.400000000000,   0.60000,
,,,346.600000000000,   0.60000,
,,,346.800000000000,   0.60800,
,,,347.000000000000,   0.59200,
,,,347.200000000000,   0.60000,
,,,347.400000000000,   0.60800,
,,,347.600000000000,   0.61600,
,,,347.800000000000,   0.60000,
,,,348.000000000000,   0.60000,
,,,348.200000000000,   0.60000,
,,,348.400000000000,   0.60800,
,,,348.600000000000,   0.60000,
,,,348.800000000000,   0.59200,
,,,349.000000000000,   0.60000,
,,,349.200000000000,   0.59200,
,,,349.400000000000,   0.60800,
,,,349.600000000000,   0.60000,
,,,349.800000000000,   0.60800,
,,,350.000000000000,   0.60000,
,,,350.200000000000,   0.60000,
,,,350.400000000000,   0.60000,
,,,350.600000000000,   0.60000,
,,,350.800000000000,   0.60000,
,,,351.000000000000,   0.59200,
,,,351.200000000000,   0.60800,
,,,351.400000000000,   0.60800,
,,,351.600000000000,   0.60800,
,,,351.800000000000,   0.59200,
,,,352.000000000000,   0.60000,
,,,352.200000000000,   0.60800,
,,,352.400000000000,   0.60000,
,,,352.600000000000,   0.60800,
,,,352.800000000000,   0.59200,
,,,353.000000000000,   0.60000,
,,,353.200000000000,   0.58400,
,,,353.400000000000,   0.60000,
,,,353.600000000000,   0.60000,
,,,353.800000000000,   0.58400,
,,,354.000000000000,   0.60000,
,,,354.200000000000,   0.60800,
,,,354.400000000000,   0.60800,
,,,354.600000000000,   0.59200,
,,,354.800000000000,   0.60000,
,,,355.000000000000,   0.60000,
,,,355.200000000000,   0.60000,
,,,355.400000000000,   0.59200,
,,,355.600000000000,   0.60000,
,,,355.800000000000,   0.60000,
,,,356.000000000000,   0.60800,
,,,356.200000000000,   0.59200,
,,,356.400000000000,   0.60800,
,,,356.600000000000,   0.60000,
,,,356.800000000000,   0.59200,
,,,357.000000000000,   0.60800,
,,,357.200000000000,   0.60000,
,,,357.400000000000,   0.57600,
,,,357.600000000000,   0.60000,
,,,357.800000000000,   0.60000,
,,,358.000000000000,   0.60000,
,,,358.200000000000,   0.60000,
,,,358.400000000000,   0.60000,
,,,358.600000000000,   0.60000,
,,,358.800000000000,   0.60000,
,,,359.000000000000,   0.58400,
,,,359.200000000000,   0.60000,
,,,359.400000000000,   0.60000,
,,,359.600000000000,   0.57600,
,,,359.800000000000,   0.60000,
,,,360.000000000000,   0.60000,
,,,360.200000000000,   0.60000,
,,,360.400000000000,   0.60000,
,,,360.600000000000,   0.60000,
,,,360.800000000000,   0.60800,
,,,361.000000000000,   0.59200,
,,,361.200000000000,   0.55200,
,,,361.400000000000,   0.60000,
,,,361.600000000000,   0.60800,
,,,361.800000000000,   0.59200,
,,,362.000000000000,   0.60800,
,,,362.200000000000,   0.59200,
,,,362.400000000000,   0.60800,
,,,362.600000000000,   0.60800,
,,,362.800000000000,   0.60000,
,,,363.000000000000,   0.59200,
,,,363.200000000000,   0.59200,
,,,363.400000000000,   0.59200,
,,,363.600000000000,   0.60000,
,,,363.800000000000,   0.58400,
,,,364.000000000000,   0.60800,
,,,364.200000000000,   0.60000,
,,,364.400000000000,   0.60000,
,,,364.600000000000,   0.59200,
,,,364.800000000000,   0.60000,
,,,365.000000000000,   0.61600,
,,,365.200000000000,   0.60800,
,,,365.400000000000,   0.60000,
,,,365.600000000000,   0.60800,
,,,365.800000000000,   0.60000,
,,,366.000000000000,   0.60800,
,,,366.200000000000,   0.60000,
,,,366.400000000000,   0.59200,
,,,366.600000000000,   0.59200,
,,,366.800000000000,   0.60000,
,,,367.000000000000,   0.60000,
,,,367.200000000000,   0.60800,
,,,367.400000000000,   0.60000,
,,,367.600000000000,   0.60800,
,,,367.800000000000,   0.60800,
,,,368.000000000000,   0.60000,
,,,368.200000000000,   0.60800,
,,,368.400000000000,   0.60800,
,,,368.600000000000,   0.60800,
,,,368.800000000000,   0.60000,
,,,369.000000000000,   0.60800,
,,,369.200000000000,   0.59200,
,,,369.400000000000,   0.60000,
,,,369.600000000000,   0.60800,
,,,369.800000000000,   0.59200,
,,,370.000000000000,   0.60000,
,,,370.200000000000,   0.60800,
,,,370.400000000000,   0.60800,
,,,370.600000000000,   0.60800,
,,,370.800000000000,   0.59200,
,,,371.000000000000,   0.60000,
,,,371.200000000000,   0.59200,
,,,371.400000000000,   0.60800,
,,,371.600000000000,   0.59200,
,,,371.800000000000,   0.60800,
,,,372.000000000000,   0.60000,
,,,372.200000000000,   0.60800,
,,,372.400000000000,   0.60000,
,,,372.600000000000,   0.60000,
,,,372.800000000000,   0.60000,
,,,373.000000000000,   0.60000,
,,,373.200000000000,   0.60800,
,,,373.400000000000,   0.60000,
,,,373.600000000000,   0.60000,
,,,373.800000000000,   0.60000,
,,,374.000000000000,   0.61600,
,,,374.200000000000,   0.60000,
,,,374.400000000000,   0.60000,
,,,374.600000000000,   0.60000,
,,,374.800000000000,   0.59200,
,,,375.000000000000,   0.58400,
,,,375.200000000000,   0.61600,
,,,375.400000000000,   0.60800,
,,,375.600000000000,   0.60000,
,,,375.800000000000,   0.61600,
,,,376.000000000000,   0.60000,
,,,376.200000000000,   0.60800,
,,,376.400000000000,   0.60000,
,,,376.600000000000,   0.60000,
,,,376.800000000000,   0.60800,
,,,377.000000000000,   0.60000,
,,,377.200000000000,   0.60000,
,,,377.400000000000,   0.60000,
,,,377.600000000000,   0.59200,
,,,377.800000000000,   0.60800,
,,,378.000000000000,   0.60000,
,,,378.200000000000,   0.60000,
,,,378.400000000000,   0.60800,
,,,378.600000000000,   0.59200,
,,,378.800000000000,   0.59200,
,,,379.000000000000,   0.60000,
,,,379.200000000000,   0.60800,
,,,379.400000000000,   0.60000,
,,,379.600000000000,   0.60000,
,,,379.800000000000,   0.61600,
,,,380.000000000000,   0.60800,
,,,380.200000000000,   0.60000,
,,,380.400000000000,   0.60800,
,,,380.600000000000,   0.59200,
,,,380.800000000000,   0.60800,
,,,381.000000000000,   0.60800,
,,,381.200000000000,   0.60000,
,,,381.400000000000,   0.60800,
,,,381.600000000000,   0.60800,
,,,381.800000000000,   0.60000,
,,,382.000000000000,   0.61600,
,,,382.200000000000,   0.60000,
,,,382.400000000000,   0.60800,
,,,382.600000000000,   0.60000,
,,,382.800000000000,   0.59200,
,,,383.000000000000,   0.60000,
,,,383.200000000000,   0.60800,
,,,383.400000000000,   0.60800,
,,,383.600000000000,   0.60800,
,,,383.800000000000,   0.60000,
,,,384.000000000000,   0.60800,
,,,384.200000000000,   0.60000,
,,,384.400000000000,   0.60000,
,,,384.600000000000,   0.60800,
,,,384.800000000000,   0.61600,
,,,385.000000000000,   0.60800,
,,,385.200000000000,   0.61600,
,,,385.400000000000,   0.60000,
,,,385.600000000000,   0.60000,
,,,385.800000000000,   0.60000,
,,,386.000000000000,   0.60800,
,,,386.200000000000,   0.60800,
,,,386.400000000000,   0.60800,
,,,386.600000000000,   0.60800,
,,,386.800000000000,   0.60800,
,,,387.000000000000,   0.60800,
,,,387.200000000000,   0.60800,
,,,387.400000000000,   0.60000,
,,,387.600000000000,   0.61600,
,,,387.800000000000,   0.62400,
,,,388.000000000000,   0.60800,
,,,388.200000000000,   0.60800,
,,,388.400000000000,   0.60800,
,,,388.600000000000,   0.60000,
,,,388.800000000000,   0.60000,
,,,389.000000000000,   0.61600,
,,,389.200000000000,   0.62400,
,,,389.400000000000,   0.60000,
,,,389.600000000000,   0.60800,
,,,389.800000000000,   0.60800,
,,,390.000000000000,   0.61600,
,,,390.200000000000,   0.60800,
,,,390.400000000000,   0.60800,
,,,390.600000000000,   0.60800,
,,,390.800000000000,   0.61600,
,,,391.000000000000,   0.60000,
,,,391.200000000000,   0.60000,
,,,391.400000000000,   0.60800,
,,,391.600000000000,   0.60800,
,,,391.800000000000,   0.60000,
,,,392.000000000000,   0.60000,
,,,392.200000000000,   0.60800,
,,,392.400000000000,   0.62400,
,,,392.600000000000,   0.61600,
,,,392.800000000000,   0.60000,
,,,393.000000000000,   0.60800,
,,,393.200000000000,   0.60800,
,,,393.400000000000,   0.60800,
,,,393.600000000000,   0.61600,
,,,393.800000000000,   0.61600,
,,,394.000000000000,   0.61600,
,,,394.200000000000,   0.59200,
,,,394.400000000000,   0.60800,
,,,394.600000000000,   0.59200,
,,,394.800000000000,   0.52000,
,,,395.000000000000,   0.61600,
,,,395.200000000000,   0.60800,
,,,395.400000000000,   0.60800,
,,,395.600000000000,   0.60800,
,,,395.800000000000,   0.60800,
,,,396.000000000000,   0.60800,
,,,396.200000000000,   0.60000,
,,,396.400000000000,   0.59200,
,,,396.600000000000,   0.60000,
,,,396.800000000000,   0.60000,
,,,397.000000000000,   0.61600,
,,,397.200000000000,   0.61600,
,,,397.400000000000,   0.64800,
,,,397.600000000000,   0.61600,
,,,397.800000000000,   0.60000,
,,,398.000000000000,   0.58400,
,,,398.200000000000,   0.60800,
,,,398.400000000000,   0.60800,
,,,398.600000000000,   0.60000,
,,,398.800000000000,   0.59200,
,,,399.000000000000,   0.59200,
,,,399.200000000000,   0.60800,
,,,399.400000000000,   0.60800,
,,,399.600000000000,   0.60800,
,,,399.800000000000,   0.60000,
,,,400.000000000000,   0.61600,
,,,400.200000000000,   0.60000,
,,,400.400000000000,   0.60800,
,,,400.600000000000,   0.60000,
,,,400.800000000000,   0.60800,
,,,401.000000000000,   0.61600,
,,,401.200000000000,   0.60800,
,,,401.400000000000,   0.60800,
,,,401.600000000000,   0.60800,
,,,401.800000000000,   0.60800,
,,,402.000000000000,   0.61600,
,,,402.200000000000,   0.60800,
,,,402.400000000000,   0.60000,
,,,402.600000000000,   0.60800,
,,,402.800000000000,   0.60000,
,,,403.000000000000,   0.60800,
,,,403.200000000000,   0.61600,
,,,403.400000000000,   0.60800,
,,,403.600000000000,   0.60800,
,,,403.800000000000,   0.60800,
,,,404.000000000000,   0.61600,
,,,404.200000000000,   0.61600,
,,,404.400000000000,   0.60800,
,,,404.600000000000,   0.60800,
,,,404.800000000000,   0.59200,
,,,405.000000000000,   0.61600,
,,,405.200000000000,   0.60000,
,,,405.400000000000,   0.60000,
,,,405.600000000000,   0.61600,
,,,405.800000000000,   0.60800,
,,,406.000000000000,   0.61600,
,,,406.200000000000,   0.67200,
,,,406.400000000000,   0.61600,
,,,406.600000000000,   0.60800,
,,,406.800000000000,   0.60800,
,,,407.000000000000,   0.60000,
,,,407.200000000000,   0.60800,
,,,407.400000000000,   0.60800,
,,,407.600000000000,   0.60800,
,,,407.800000000000,   0.60000,
,,,408.000000000000,   0.60800,
,,,408.200000000000,   0.61600,
,,,408.400000000000,   0.60800,
,,,408.600000000000,   0.60800,
,,,408.800000000000,   0.60800,
,,,409.000000000000,   0.60800,
,,,409.200000000000,   0.56000,
,,,409.400000000000,   0.60800,
,,,409.600000000000,   0.60800,
,,,409.800000000000,   0.60000,
,,,410.000000000000,   0.60800,
,,,410.200000000000,   0.61600,
,,,410.400000000000,   0.60800,
,,,410.600000000000,   0.61600,
,,,410.800000000000,   0.60800,
,,,411.000000000000,   0.62400,
,,,411.200000000000,   0.60800,
,,,411.400000000000,   0.60800,
,,,411.600000000000,   0.60800,
,,,411.800000000000,   0.60800,
,,,412.000000000000,   0.61600,
,,,412.200000000000,   0.60800,
,,,412.400000000000,   0.60800,
,,,412.600000000000,   0.60000,
,,,412.800000000000,   0.60800,
,,,413.000000000000,   0.60800,
,,,413.200000000000,   0.60800,
,,,413.400000000000,   0.61600,
,,,413.600000000000,   0.62400,
,,,413.800000000000,   0.60000,
,,,414.000000000000,   0.61600,
,,,414.200000000000,   0.60800,
,,,414.400000000000,   0.62400,
,,,414.600000000000,   0.61600,
,,,414.800000000000,   0.61600,
,,,415.000000000000,   0.61600,
,,,415.200000000000,   0.62400,
,,,415.400000000000,   0.60800,
,,,415.600000000000,   0.60000,
,,,415.800000000000,   0.61600,
,,,416.000000000000,   0.62400,
,,,416.200000000000,   0.61600,
,,,416.400000000000,   0.60800,
,,,416.600000000000,   0.60800,
,,,416.800000000000,   0.61600,
,,,417.000000000000,   0.60800,
,,,417.200000000000,   0.61600,
,,,417.400000000000,   0.62400,
,,,417.600000000000,   0.61600,
,,,417.800000000000,   0.60800,
,,,418.000000000000,   0.60000,
,,,418.200000000000,   0.61600,
,,,418.400000000000,   0.60800,
,,,418.600000000000,   0.60800,
,,,418.800000000000,   0.60000,
,,,419.000000000000,   0.60000,
,,,419.200000000000,   0.60800,
,,,419.400000000000,   0.61600,
,,,419.600000000000,   0.60800,
,,,419.800000000000,   0.61600,
,,,420.000000000000,   0.61600,
,,,420.200000000000,   0.60800,
,,,420.400000000000,   0.61600,
,,,420.600000000000,   0.60000,
,,,420.800000000000,   0.61600,
,,,421.000000000000,   0.60800,
,,,421.200000000000,   0.61600,
,,,421.400000000000,   0.60800,
,,,421.600000000000,   0.60800,
,,,421.800000000000,   0.60800,
,,,422.000000000000,   0.62400,
,,,422.200000000000,   0.60800,
,,,422.400000000000,   0.60000,
,,,422.600000000000,   0.60800,
,,,422.800000000000,   0.60000,
,,,423.000000000000,   0.60000,
,,,423.200000000000,   0.60800,
,,,423.400000000000,   0.60000,
,,,423.600000000000,   0.60800,
,,,423.800000000000,   0.60800,
,,,424.000000000000,   0.61600,
,,,424.200000000000,   0.60800,
,,,424.400000000000,   0.60000,
,,,424.600000000000,   0.60800,
,,,424.800000000000,   0.60800,
,,,425.000000000000,   0.61600,
,,,425.200000000000,   0.60800,
,,,425.400000000000,   0.60000,
,,,425.600000000000,   0.60000,
,,,425.800000000000,   0.61600,
,,,426.000000000000,   0.62400,
,,,426.200000000000,   0.61600,
,,,426.400000000000,   0.61600,
,,,426.600000000000,   0.60800,
,,,426.800000000000,   0.60800,
,,,427.000000000000,   0.60800,
,,,427.200000000000,   0.60800,
,,,427.400000000000,   0.60800,
,,,427.600000000000,   0.60800,
,,,427.800000000000,   0.60000,
,,,428.000000000000,   0.60800,
,,,428.200000000000,   0.60000,
,,,428.400000000000,   0.60800,
,,,428.600000000000,   0.60800,
,,,428.800000000000,   0.60800,
,,,429.000000000000,   0.60800,
,,,429.200000000000,   0.60000,
,,,429.400000000000,   0.60000,
,,,429.600000000000,   0.60000,
,,,429.800000000000,   0.61600,
,,,430.000000000000,   0.61600,
,,,430.200000000000,   0.60000,
,,,430.400000000000,   0.60000,
,,,430.600000000000,   0.60800,
,,,430.800000000000,   0.60800,
,,,431.000000000000,   0.60800,
,,,431.200000000000,   0.60000,
,,,431.400000000000,   0.61600,
,,,431.600000000000,   0.60800,
,,,431.800000000000,   0.62400,
,,,432.000000000000,   0.60800,
,,,432.200000000000,   0.62400,
,,,432.400000000000,   0.60000,
,,,432.600000000000,   0.60800,
,,,432.800000000000,   0.60800,
,,,433.000000000000,   0.61600,
,,,433.200000000000,   0.60800,
,,,433.400000000000,   0.60000,
,,,433.600000000000,   0.60800,
,,,433.800000000000,   0.60800,
,,,434.000000000000,   0.61600,
,,,434.200000000000,   0.60000,
,,,434.400000000000,   0.61600,
,,,434.600000000000,   0.60800,
,,,434.800000000000,   0.60800,
,,,435.000000000000,   0.60800,
,,,435.200000000000,   0.60000,
,,,435.400000000000,   0.60800,
,,,435.600000000000,   0.61600,
,,,435.800000000000,   0.60800,
,,,436.000000000000,   0.60800,
,,,436.200000000000,   0.60800,
,,,436.400000000000,   0.61600,
,,,436.600000000000,   0.62400,
,,,436.800000000000,   0.62400,
,,,437.000000000000,   0.60800,
,,,437.200000000000,   0.61600,
,,,437.400000000000,   0.61600,
,,,437.600000000000,   0.60800,
,,,437.800000000000,   0.61600,
,,,438.000000000000,   0.60800,
,,,438.200000000000,   0.61600,
,,,438.400000000000,   0.60800,
,,,438.600000000000,   0.62400,
,,,438.800000000000,   0.62400,
,,,439.000000000000,   0.60800,
,,,439.200000000000,   0.61600,
,,,439.400000000000,   0.60800,
,,,439.600000000000,   0.61600,
,,,439.800000000000,   0.60800,
,,,440.000000000000,   0.60800,
,,,440.200000000000,   0.60000,
,,,440.400000000000,   0.60000,
,,,440.600000000000,   0.60800,
,,,440.800000000000,   0.61600,
,,,441.000000000000,   0.60000,
,,,441.200000000000,   0.60800,
,,,441.400000000000,   0.61600,
,,,441.600000000000,   0.60000,
,,,441.800000000000,   0.61600,
,,,442.000000000000,   0.61600,
,,,442.200000000000,   0.60800,
,,,442.400000000000,   0.61600,
,,,442.600000000000,   0.60800,
,,,442.800000000000,   0.60800,
,,,443.000000000000,   0.60800,
,,,443.200000000000,   0.60800,
,,,443.400000000000,   0.60800,
,,,443.600000000000,   0.60000,
,,,443.800000000000,   0.60000,
,,,444.000000000000,   0.61600,
,,,444.200000000000,   0.60800,
,,,444.400000000000,   0.61600,
,,,444.600000000000,   0.60800,
,,,444.800000000000,   0.60800,
,,,445.000000000000,   0.61600,
,,,445.200000000000,   0.61600,
,,,445.400000000000,   0.60800,
,,,445.600000000000,   0.60800,
,,,445.800000000000,   0.61600,
,,,446.000000000000,   0.60800,
,,,446.200000000000,   0.61600,
,,,446.400000000000,   0.60800,
,,,446.600000000000,   0.61600,
,,,446.800000000000,   0.61600,
,,,447.000000000000,   0.60800,
,,,447.200000000000,   0.59200,
,,,447.400000000000,   0.60800,
,,,447.600000000000,   0.60000,
,,,447.800000000000,   0.60000,
,,,448.000000000000,   0.61600,
,,,448.200000000000,   0.61600,
,,,448.400000000000,   0.61600,
,,,448.600000000000,   0.61600,
,,,448.800000000000,   0.61600,
,,,449.000000000000,   0.61600,
,,,449.200000000000,   0.61600,
,,,449.400000000000,   0.60800,
,,,449.600000000000,   0.61600,
,,,449.800000000000,   0.62400,
,,,450.000000000000,   0.60800,
,,,450.200000000000,   0.60800,
,,,450.400000000000,   0.60000,
,,,450.600000000000,   0.60800,
,,,450.800000000000,   0.61600,
,,,451.000000000000,   0.61600,
,,,451.200000000000,   0.61600,
,,,451.400000000000,   0.60800,
,,,451.600000000000,   0.60800,
,,,451.800000000000,   0.60800,
,,,452.000000000000,   0.61600,
,,,452.200000000000,   0.60800,
,,,452.400000000000,   0.61600,
,,,452.600000000000,   0.60800,
,,,452.800000000000,   0.62400,
,,,453.000000000000,   0.60800,
,,,453.200000000000,   0.61600,
,,,453.400000000000,   0.60800,
,,,453.600000000000,   0.60800,
,,,453.800000000000,   0.60800,
,,,454.000000000000,   0.60800,
,,,454.200000000000,   0.60800,
,,,454.400000000000,   0.60800,
,,,454.600000000000,   0.60800,
,,,454.800000000000,   0.61600,
,,,455.000000000000,   0.62400,
,,,455.200000000000,   0.60800,
,,,455.400000000000,   0.60000,
,,,455.600000000000,   0.60800,
,,,455.800000000000,   0.60800,
,,,456.000000000000,   0.61600,
,,,456.200000000000,   0.60800,
,,,456.400000000000,   0.60000,
,,,456.600000000000,   0.61600,
,,,456.800000000000,   0.60000,
,,,457.000000000000,   0.60800,
,,,457.200000000000,   0.60800,
,,,457.400000000000,   0.61600,
,,,457.600000000000,   0.60800,
,,,457.800000000000,   0.60800,
,,,458.000000000000,   0.60800,
,,,458.200000000000,   0.60800,
,,,458.400000000000,   0.61600,
,,,458.600000000000,   0.61600,
,,,458.800000000000,   0.60800,
,,,459.000000000000,   0.60800,
,,,459.200000000000,   0.60000,
,,,459.400000000000,   0.60800,
,,,459.600000000000,   0.60800,
,,,459.800000000000,   0.60800,
,,,460.000000000000,   0.60000,
,,,460.200000000000,   0.60000,
,,,460.400000000000,   0.60800,
,,,460.600000000000,   0.61600,
,,,460.800000000000,   0.62400,
,,,461.000000000000,   0.61600,
,,,461.200000000000,   0.61600,
,,,461.400000000000,   0.61600,
,,,461.600000000000,   0.61600,
,,,461.800000000000,   0.60800,
,,,462.000000000000,   0.60000,
,,,462.200000000000,   0.64000,
,,,462.400000000000,   0.60800,
,,,462.600000000000,   0.61600,
,,,462.800000000000,   0.60800,
,,,463.000000000000,   0.62400,
,,,463.200000000000,   0.61600,
,,,463.400000000000,   0.61600,
,,,463.600000000000,   0.62400,
,,,463.800000000000,   0.60800,
,,,464.000000000000,   0.62400,
,,,464.200000000000,   0.62400,
,,,464.400000000000,   0.60000,
,,,464.600000000000,   0.60000,
,,,464.800000000000,   0.62400,
,,,465.000000000000,   0.61600,
,,,465.200000000000,   0.61600,
,,,465.400000000000,   0.60800,
,,,465.600000000000,   0.61600,
,,,465.800000000000,   0.60000,
,,,466.000000000000,   0.61600,
,,,466.200000000000,   0.60800,
,,,466.400000000000,   0.60800,
,,,466.600000000000,   0.61600,
,,,466.800000000000,   0.63200,
,,,467.000000000000,   0.62400,
,,,467.200000000000,   0.60800,
,,,467.400000000000,   0.60800,
,,,467.600000000000,   0.60800,
,,,467.800000000000,   0.61600,
,,,468.000000000000,   0.60800,
,,,468.200000000000,   0.61600,
,,,468.400000000000,   0.60800,
,,,468.600000000000,   0.60800,
,,,468.800000000000,   0.60800,
,,,469.000000000000,   0.60800,
,,,469.200000000000,   0.62400,
,,,469.400000000000,   0.60800,
,,,469.600000000000,   0.60800,
,,,469.800000000000,   0.60000,
,,,470.000000000000,   0.60000,
,,,470.200000000000,   0.60800,
,,,470.400000000000,   0.61600,
,,,470.600000000000,   0.60800,
,,,470.800000000000,   0.60800,
,,,471.000000000000,   0.62400,
,,,471.200000000000,   0.60800,
,,,471.400000000000,   0.61600,
,,,471.600000000000,   0.62400,
,,,471.800000000000,   0.60800,
,,,472.000000000000,   0.61600,
,,,472.200000000000,   0.60000,
,,,472.400000000000,   0.61600,
,,,472.600000000000,   0.62400,
,,,472.800000000000,   0.60800,
,,,473.000000000000,   0.60800,
,,,473.200000000000,   0.60000,
,,,473.400000000000,   0.60800,
,,,473.600000000000,   0.60800,
,,,473.800000000000,   0.60800,
,,,474.000000000000,   0.60800,
,,,474.200000000000,   0.60800,
,,,474.400000000000,   0.60800,
,,,474.600000000000,   0.60800,
,,,474.800000000000,   0.60800,
,,,475.000000000000,  -1.02400,
,,,475.200000000000,  -1.02400,
,,,475.400000000000,  -1.02400,
,,,475.600000000000,  -1.02400,
,,,475.800000000000,  -1.02400,
,,,476.000000000000,  -1.02400,
,,,476.200000000000,  -1.02400,
,,,476.400000000000,  -1.02400,
,,,476.600000000000,  -1.02400,
,,,476.800000000000,  -1.02400,
,,,477.000000000000,  -1.02400,
,,,477.200000000000,  -1.02400,
,,,477.400000000000,  -1.02400,
,,,477.600000000000,  -1.02400,
,,,477.800000000000,  -1.02400,
,,,478.000000000000,  -1.02400,
,,,478.200000000000,  -1.02400,
,,,478.400000000000,  -1.02400,
,,,478.600000000000,  -1.02400,
,,,478.800000000000,  -1.02400,
,,,479.000000000000,  -1.02400,
,,,479.200000000000,  -1.02400,
,,,479.400000000000,  -1.02400,
,,,479.600000000000,  -1.02400,
,,,479.800000000000,  -1.02400,
,,,480.000000000000,  -1.02400,
,,,480.200000000000,  -1.02400,
,,,480.400000000000,  -1.02400,
,,,480.600000000000,  -1.02400,
,,,480.800000000000,  -1.02400,
,,,481.000000000000,  -1.02400,
,,,481.200000000000,  -1.02400,
,,,481.400000000000,  -1.02400,
,,,481.600000000000,  -1.02400,
,,,481.800000000000,  -1.02400,
,,,482.000000000000,  -1.02400,
,,,482.200000000000,  -1.02400,
,,,482.400000000000,  -1.02400,
,,,482.600000000000,  -1.02400,
,,,482.800000000000,  -1.02400,
,,,483.000000000000,  -1.02400,
,,,483.200000000000,  -1.02400,
,,,483.400000000000,  -1.02400,
,,,483.600000000000,  -1.02400,
,,,483.800000000000,  -1.02400,
,,,484.000000000000,  -1.02400,
,,,484.200000000000,  -1.02400,
,,,484.400000000000,  -1.02400,
,,,484.600000000000,  -1.02400,
,,,484.800000000000,  -1.02400,
,,,485.000000000000,  -1.02400,
,,,485.200000000000,  -1.02400,
,,,485.400000000000,  -1.02400,
,,,485.600000000000,  -1.02400,
,,,485.800000000000,  -1.02400,
,,,486.000000000000,  -1.02400,
,,,486.200000000000,  -1.02400,
,,,486.400000000000,  -1.02400,
,,,486.600000000000,  -1.02400,
,,,486.800000000000,  -1.02400,
,,,487.000000000000,  -1.02400,
,,,487.200000000000,  -1.02400,
,,,487.400000000000,  -1.02400,
,,,487.600000000000,  -1.02400,
,,,487.800000000000,  -1.02400,
,,,488.000000000000,  -1.02400,
,,,488.200000000000,  -1.02400,
,,,488.400000000000,  -1.02400,
,,,488.600000000000,  -1.02400,
,,,488.800000000000,  -1.02400,
,,,489.000000000000,  -1.02400,
,,,489.200000000000,  -1.02400,
,,,489.400000000000,  -1.02400,
,,,489.600000000000,  -1.02400,
,,,489.800000000000,  -1.02400,
,,,490.000000000000,  -1.02400,
,,,490.200000000000,  -1.02400,
,,,490.400000000000,  -1.02400,
,,,490.600000000000,  -1.02400,
,,,490.800000000000,  -1.02400,
,,,491.000000000000,  -1.02400,
,,,491.200000000000,  -1.02400,
,,,491.400000000000,  -1.02400,
,,,491.600000000000,  -1.02400,
,,,491.800000000000,  -1.02400,
,,,492.000000000000,  -1.02400,
,,,492.200000000000,  -1.02400,
,,,492.400000000000,  -1.02400,
,,,492.600000000000,  -1.02400,
,,,492.800000000000,  -1.02400,
,,,493.000000000000,  -1.02400,
,,,493.200000000000,  -1.02400,
,,,493.400000000000,  -1.02400,
,,,493.600000000000,  -1.02400,
,,,493.800000000000,  -1.02400,
,,,494.000000000000,  -1.02400,
,,,494.200000000000,  -1.02400,
,,,494.400000000000,  -1.02400,
,,,494.600000000000,  -1.02400,
,,,494.800000000000,  -1.02400,
,,,495.000000000000,  -1.02400,
,,,495.200000000000,  -1.02400,
,,,495.400000000000,  -1.02400,
,,,495.600000000000,  -1.02400,
,,,495.800000000000,  -1.02400,
,,,496.000000000000,  -1.02400,
,,,496.200000000000,  -1.02400,
,,,496.400000000000,  -1.02400,
,,,496.600000000000,  -1.02400,
,,,496.800000000000,  -1.02400,
,,,497.000000000000,  -1.02400,
,,,497.200000000000,  -1.02400,
,,,497.400000000000,  -1.02400,
,,,497.600000000000,  -1.02400,
,,,497.800000000000,  -1.02400,
,,,498.000000000000,  -1.02400,
,,,498.200000000000,  -1.02400,
,,,498.400000000000,  -1.02400,
,,,498.600000000000,  -1.02400,
,,,498.800000000000,  -1.02400,
,,,499.000000000000,  -1.02400,
,,,499.200000000000,  -1.02400,
,,,499.400000000000,  -1.02400,
,,,499.600000000000,  -1.02400,
,,,499.800000000000,  -1.02400,
